exercise_label,source_video,source_video_id,subject_id,rep,rep_uid,split_group,shift,start_frame,end_frame,sampled_frames,segmentation_confidence,review_status,augmentation,rotation_degrees
1,C:\Users\Utente\Desktop\AriuFitness-copia-A\uploads\videos\ex_alzata_gamba\PM_111-Camera17-30fps.mp4,PM_111-Camera17-30fps,PM_111,1,PM_111-Camera17-30fps__rep_001,PM_111-Camera17-30fps__rep_001,-5,2255,2447,"2255,2282,2310,2337,2365,2392,2420,2447",0.9642857142857144,accepted,original,0.0
1,C:\Users\Utente\Desktop\AriuFitness-copia-A\uploads\videos\ex_alzata_gamba\PM_111-Camera17-30fps.mp4,PM_111-Camera17-30fps,PM_111,1,PM_111-Camera17-30fps__rep_001,PM_111-Camera17-30fps__rep_001,-5,2255,2447,"2255,2282,2310,2337,2365,2392,2420,2447",0.9642857142857144,accepted,rotation,-10.0
1,C:\Users\Utente\Desktop\AriuFitness-copia-A\uploads\videos\ex_alzata_gamba\PM_111-Camera17-30fps.mp4,PM_111-Camera17-30fps,PM_111,1,PM_111-Camera17-30fps__rep_001,PM_111-Camera17-30fps__rep_001,-5,2255,2447,"2255,2282,2310,2337,2365,2392,2420,2447",0.9642857142857144,accepted,rotation,10.0
1,C:\Users\Utente\Desktop\AriuFitness-copia-A\uploads\videos\ex_alzata_gamba\PM_111-Camera17-30fps.mp4,PM_111-Camera17-30fps,PM_111,1,PM_111-Camera17-30fps__rep_001,PM_111-Camera17-30fps__rep_001,-4,2256,2448,"2256,2283,2311,2338,2366,2393,2421,2448",0.9642857142857144,accepted,original,0.0
1,C:\Users\Utente\Desktop\AriuFitness-copia-A\uploads\videos\ex_alzata_gamba\PM_111-Camera17-30fps.mp4,PM_111-Camera17-30fps,PM_111,1,PM_111-Camera17-30fps__rep_001,PM_111-Camera17-30fps__rep_001,-4,2256,2448,"2256,2283,2311,2338,2366,2393,2421,2448",0.9642857142857144,accepted,rotation,-10.0
1,C:\Users\Utente\Desktop\AriuFitness-copia-A\uploads\videos\ex_alzata_gamba\PM_111-Camera17-30fps.mp4,PM_111-Camera17-30fps,PM_111,1,PM_111-Camera17-30fps__rep_001,PM_111-Camera17-30fps__rep_001,-4,2256,2448,"2256,2283,2311,2338,2366,2393,2421,2448",0.9642857142857144,accepted,rotation,10.0
1,C:\Users\Utente\Desktop\AriuFitness-copia-A\uploads\videos\ex_alzata_gamba\PM_111-Camera17-30fps.mp4,PM_111-Camera17-30fps,PM_111,1,PM_111-Camera17-30fps__rep_001,PM_111-Camera17-30fps__rep_001,-3,2257,2449,"2257,2284,2312,2339,2367,2394,2422,2449",0.9642857142857144,accepted,original,0.0
1,C:\Users\Utente\Desktop\AriuFitness-copia-A\uploads\videos\ex_alzata_gamba\PM_111-Camera17-30fps.mp4,PM_111-Camera17-30fps,PM_111,1,PM_111-Camera17-30fps__rep_001,PM_111-Camera17-30fps__rep_001,-3,2257,2449,"2257,2284,2312,2339,2367,2394,2422,2449",0.9642857142857144,accepted,rotation,-10.0
1,C:\Users\Utente\Desktop\AriuFitness-copia-A\uploads\videos\ex_alzata_gamba\PM_111-Camera17-30fps.mp4,PM_111-Camera17-30fps,PM_111,1,PM_111-Camera17-30fps__rep_001,PM_111-Camera17-30fps__rep_001,-3,2257,2449,"2257,2284,2312,2339,2367,2394,2422,2449",0.9642857142857144,accepted,rotation,10.0
1,C:\Users\Utente\Desktop\AriuFitness-copia-A\uploads\videos\ex_alzata_gamba\PM_111-Camera17-30fps.mp4,PM_111-Camera17-30fps,PM_111,1,PM_111-Camera17-30fps__rep_001,PM_111-Camera17-30fps__rep_001,-2,2258,2450,"2258,2285,2313,2340,2368,2395,2423,2450",0.9642857142857144,accepted,original,0.0
1,C:\Users\Utente\Desktop\AriuFitness-copia-A\uploads\videos\ex_alzata_gamba\PM_111-Camera17-30fps.mp4,PM_111-Camera17-30fps,PM_111,1,PM_111-Camera17-30fps__rep_001,PM_111-Camera17-30fps__rep_001,-2,2258,2450,"2258,2285,2313,2340,2368,2395,2423,2450",0.9642857142857144,accepted,rotation,-10.0
1,C:\Users\Utente\Desktop\AriuFitness-copia-A\uploads\videos\ex_alzata_gamba\PM_111-Camera17-30fps.mp4,PM_111-Camera17-30fps,PM_111,1,PM_111-Camera17-30fps__rep_001,PM_111-Camera17-30fps__rep_001,-2,2258,2450,"2258,2285,2313,2340,2368,2395,2423,2450",0.9642857142857144,accepted,rotation,10.0
1,C:\Users\Utente\Desktop\AriuFitness-copia-A\uploads\videos\ex_alzata_gamba\PM_111-Camera17-30fps.mp4,PM_111-Camera17-30fps,PM_111,1,PM_111-Camera17-30fps__rep_001,PM_111-Camera17-30fps__rep_001,-1,2259,2451,"2259,2286,2314,2341,2369,2396,2424,2451",0.9642857142857144,accepted,original,0.0
1,C:\Users\Utente\Desktop\AriuFitness-copia-A\uploads\videos\ex_alzata_gamba\PM_111-Camera17-30fps.mp4,PM_111-Camera17-30fps,PM_111,1,PM_111-Camera17-30fps__rep_001,PM_111-Camera17-30fps__rep_001,-1,2259,2451,"2259,2286,2314,2341,2369,2396,2424,2451",0.9642857142857144,accepted,rotation,-10.0
1,C:\Users\Utente\Desktop\AriuFitness-copia-A\uploads\videos\ex_alzata_gamba\PM_111-Camera17-30fps.mp4,PM_111-Camera17-30fps,PM_111,1,PM_111-Camera17-30fps__rep_001,PM_111-Camera17-30fps__rep_001,-1,2259,2451,"2259,2286,2314,2341,2369,2396,2424,2451",0.9642857142857144,accepted,rotation,10.0
1,C:\Users\Utente\Desktop\AriuFitness-copia-A\uploads\videos\ex_alzata_gamba\PM_111-Camera17-30fps.mp4,PM_111-Camera17-30fps,PM_111,1,PM_111-Camera17-30fps__rep_001,PM_111-Camera17-30fps__rep_001,0,2260,2452,"2260,2287,2315,2342,2370,2397,2425,2452",0.9642857142857144,accepted,original,0.0
1,C:\Users\Utente\Desktop\AriuFitness-copia-A\uploads\videos\ex_alzata_gamba\PM_111-Camera17-30fps.mp4,PM_111-Camera17-30fps,PM_111,1,PM_111-Camera17-30fps__rep_001,PM_111-Camera17-30fps__rep_001,0,2260,2452,"2260,2287,2315,2342,2370,2397,2425,2452",0.9642857142857144,accepted,rotation,-10.0
1,C:\Users\Utente\Desktop\AriuFitness-copia-A\uploads\videos\ex_alzata_gamba\PM_111-Camera17-30fps.mp4,PM_111-Camera17-30fps,PM_111,1,PM_111-Camera17-30fps__rep_001,PM_111-Camera17-30fps__rep_001,0,2260,2452,"2260,2287,2315,2342,2370,2397,2425,2452",0.9642857142857144,accepted,rotation,10.0
1,C:\Users\Utente\Desktop\AriuFitness-copia-A\uploads\videos\ex_alzata_gamba\PM_111-Camera17-30fps.mp4,PM_111-Camera17-30fps,PM_111,1,PM_111-Camera17-30fps__rep_001,PM_111-Camera17-30fps__rep_001,1,2261,2453,"2261,2288,2316,2343,2371,2398,2426,2453",0.9642857142857144,accepted,original,0.0
1,C:\Users\Utente\Desktop\AriuFitness-copia-A\uploads\videos\ex_alzata_gamba\PM_111-Camera17-30fps.mp4,PM_111-Camera17-30fps,PM_111,1,PM_111-Camera17-30fps__rep_001,PM_111-Camera17-30fps__rep_001,1,2261,2453,"2261,2288,2316,2343,2371,2398,2426,2453",0.9642857142857144,accepted,rotation,-10.0
1,C:\Users\Utente\Desktop\AriuFitness-copia-A\uploads\videos\ex_alzata_gamba\PM_111-Camera17-30fps.mp4,PM_111-Camera17-30fps,PM_111,1,PM_111-Camera17-30fps__rep_001,PM_111-Camera17-30fps__rep_001,1,2261,2453,"2261,2288,2316,2343,2371,2398,2426,2453",0.9642857142857144,accepted,rotation,10.0
1,C:\Users\Utente\Desktop\AriuFitness-copia-A\uploads\videos\ex_alzata_gamba\PM_111-Camera17-30fps.mp4,PM_111-Camera17-30fps,PM_111,1,PM_111-Camera17-30fps__rep_001,PM_111-Camera17-30fps__rep_001,2,2262,2454,"2262,2289,2317,2344,2372,2399,2427,2454",0.9642857142857144,accepted,original,0.0
1,C:\Users\Utente\Desktop\AriuFitness-copia-A\uploads\videos\ex_alzata_gamba\PM_111-Camera17-30fps.mp4,PM_111-Camera17-30fps,PM_111,1,PM_111-Camera17-30fps__rep_001,PM_111-Camera17-30fps__rep_001,2,2262,2454,"2262,2289,2317,2344,2372,2399,2427,2454",0.9642857142857144,accepted,rotation,-10.0
1,C:\Users\Utente\Desktop\AriuFitness-copia-A\uploads\videos\ex_alzata_gamba\PM_111-Camera17-30fps.mp4,PM_111-Camera17-30fps,PM_111,1,PM_111-Camera17-30fps__rep_001,PM_111-Camera17-30fps__rep_001,2,2262,2454,"2262,2289,2317,2344,2372,2399,2427,2454",0.9642857142857144,accepted,rotation,10.0
1,C:\Users\Utente\Desktop\AriuFitness-copia-A\uploads\videos\ex_alzata_gamba\PM_111-Camera17-30fps.mp4,PM_111-Camera17-30fps,PM_111,1,PM_111-Camera17-30fps__rep_001,PM_111-Camera17-30fps__rep_001,3,2263,2455,"2263,2290,2318,2345,2373,2400,2428,2455",0.9642857142857144,accepted,original,0.0
1,C:\Users\Utente\Desktop\AriuFitness-copia-A\uploads\videos\ex_alzata_gamba\PM_111-Camera17-30fps.mp4,PM_111-Camera17-30fps,PM_111,1,PM_111-Camera17-30fps__rep_001,PM_111-Camera17-30fps__rep_001,3,2263,2455,"2263,2290,2318,2345,2373,2400,2428,2455",0.9642857142857144,accepted,rotation,-10.0
1,C:\Users\Utente\Desktop\AriuFitness-copia-A\uploads\videos\ex_alzata_gamba\PM_111-Camera17-30fps.mp4,PM_111-Camera17-30fps,PM_111,1,PM_111-Camera17-30fps__rep_001,PM_111-Camera17-30fps__rep_001,3,2263,2455,"2263,2290,2318,2345,2373,2400,2428,2455",0.9642857142857144,accepted,rotation,10.0
1,C:\Users\Utente\Desktop\AriuFitness-copia-A\uploads\videos\ex_alzata_gamba\PM_111-Camera17-30fps.mp4,PM_111-Camera17-30fps,PM_111,1,PM_111-Camera17-30fps__rep_001,PM_111-Camera17-30fps__rep_001,4,2264,2456,"2264,2291,2319,2346,2374,2401,2429,2456",0.9642857142857144,accepted,original,0.0
1,C:\Users\Utente\Desktop\AriuFitness-copia-A\uploads\videos\ex_alzata_gamba\PM_111-Camera17-30fps.mp4,PM_111-Camera17-30fps,PM_111,1,PM_111-Camera17-30fps__rep_001,PM_111-Camera17-30fps__rep_001,4,2264,2456,"2264,2291,2319,2346,2374,2401,2429,2456",0.9642857142857144,accepted,rotation,-10.0
1,C:\Users\Utente\Desktop\AriuFitness-copia-A\uploads\videos\ex_alzata_gamba\PM_111-Camera17-30fps.mp4,PM_111-Camera17-30fps,PM_111,1,PM_111-Camera17-30fps__rep_001,PM_111-Camera17-30fps__rep_001,4,2264,2456,"2264,2291,2319,2346,2374,2401,2429,2456",0.9642857142857144,accepted,rotation,10.0
1,C:\Users\Utente\Desktop\AriuFitness-copia-A\uploads\videos\ex_alzata_gamba\PM_111-Camera17-30fps.mp4,PM_111-Camera17-30fps,PM_111,1,PM_111-Camera17-30fps__rep_001,PM_111-Camera17-30fps__rep_001,5,2265,2457,"2265,2292,2320,2347,2375,2402,2430,2457",0.9642857142857144,accepted,original,0.0
1,C:\Users\Utente\Desktop\AriuFitness-copia-A\uploads\videos\ex_alzata_gamba\PM_111-Camera17-30fps.mp4,PM_111-Camera17-30fps,PM_111,1,PM_111-Camera17-30fps__rep_001,PM_111-Camera17-30fps__rep_001,5,2265,2457,"2265,2292,2320,2347,2375,2402,2430,2457",0.9642857142857144,accepted,rotation,-10.0
1,C:\Users\Utente\Desktop\AriuFitness-copia-A\uploads\videos\ex_alzata_gamba\PM_111-Camera17-30fps.mp4,PM_111-Camera17-30fps,PM_111,1,PM_111-Camera17-30fps__rep_001,PM_111-Camera17-30fps__rep_001,5,2265,2457,"2265,2292,2320,2347,2375,2402,2430,2457",0.9642857142857144,accepted,rotation,10.0
1,C:\Users\Utente\Desktop\AriuFitness-copia-A\uploads\videos\ex_alzata_gamba\PM_111-Camera17-30fps.mp4,PM_111-Camera17-30fps,PM_111,2,PM_111-Camera17-30fps__rep_002,PM_111-Camera17-30fps__rep_002,-5,2447,2579,"2447,2466,2485,2504,2522,2541,2560,2579",0.8371183232098102,accepted,original,0.0
1,C:\Users\Utente\Desktop\AriuFitness-copia-A\uploads\videos\ex_alzata_gamba\PM_111-Camera17-30fps.mp4,PM_111-Camera17-30fps,PM_111,2,PM_111-Camera17-30fps__rep_002,PM_111-Camera17-30fps__rep_002,-5,2447,2579,"2447,2466,2485,2504,2522,2541,2560,2579",0.8371183232098102,accepted,rotation,-10.0
1,C:\Users\Utente\Desktop\AriuFitness-copia-A\uploads\videos\ex_alzata_gamba\PM_111-Camera17-30fps.mp4,PM_111-Camera17-30fps,PM_111,2,PM_111-Camera17-30fps__rep_002,PM_111-Camera17-30fps__rep_002,-5,2447,2579,"2447,2466,2485,2504,2522,2541,2560,2579",0.8371183232098102,accepted,rotation,10.0
1,C:\Users\Utente\Desktop\AriuFitness-copia-A\uploads\videos\ex_alzata_gamba\PM_111-Camera17-30fps.mp4,PM_111-Camera17-30fps,PM_111,2,PM_111-Camera17-30fps__rep_002,PM_111-Camera17-30fps__rep_002,-4,2448,2580,"2448,2467,2486,2505,2523,2542,2561,2580",0.8371183232098102,accepted,original,0.0
1,C:\Users\Utente\Desktop\AriuFitness-copia-A\uploads\videos\ex_alzata_gamba\PM_111-Camera17-30fps.mp4,PM_111-Camera17-30fps,PM_111,2,PM_111-Camera17-30fps__rep_002,PM_111-Camera17-30fps__rep_002,-4,2448,2580,"2448,2467,2486,2505,2523,2542,2561,2580",0.8371183232098102,accepted,rotation,-10.0
1,C:\Users\Utente\Desktop\AriuFitness-copia-A\uploads\videos\ex_alzata_gamba\PM_111-Camera17-30fps.mp4,PM_111-Camera17-30fps,PM_111,2,PM_111-Camera17-30fps__rep_002,PM_111-Camera17-30fps__rep_002,-4,2448,2580,"2448,2467,2486,2505,2523,2542,2561,2580",0.8371183232098102,accepted,rotation,10.0
1,C:\Users\Utente\Desktop\AriuFitness-copia-A\uploads\videos\ex_alzata_gamba\PM_111-Camera17-30fps.mp4,PM_111-Camera17-30fps,PM_111,2,PM_111-Camera17-30fps__rep_002,PM_111-Camera17-30fps__rep_002,-3,2449,2581,"2449,2468,2487,2506,2524,2543,2562,2581",0.8371183232098102,accepted,original,0.0
1,C:\Users\Utente\Desktop\AriuFitness-copia-A\uploads\videos\ex_alzata_gamba\PM_111-Camera17-30fps.mp4,PM_111-Camera17-30fps,PM_111,2,PM_111-Camera17-30fps__rep_002,PM_111-Camera17-30fps__rep_002,-3,2449,2581,"2449,2468,2487,2506,2524,2543,2562,2581",0.8371183232098102,accepted,rotation,-10.0
1,C:\Users\Utente\Desktop\AriuFitness-copia-A\uploads\videos\ex_alzata_gamba\PM_111-Camera17-30fps.mp4,PM_111-Camera17-30fps,PM_111,2,PM_111-Camera17-30fps__rep_002,PM_111-Camera17-30fps__rep_002,-3,2449,2581,"2449,2468,2487,2506,2524,2543,2562,2581",0.8371183232098102,accepted,rotation,10.0
1,C:\Users\Utente\Desktop\AriuFitness-copia-A\uploads\videos\ex_alzata_gamba\PM_111-Camera17-30fps.mp4,PM_111-Camera17-30fps,PM_111,2,PM_111-Camera17-30fps__rep_002,PM_111-Camera17-30fps__rep_002,-2,2450,2582,"2450,2469,2488,2507,2525,2544,2563,2582",0.8371183232098102,accepted,original,0.0
1,C:\Users\Utente\Desktop\AriuFitness-copia-A\uploads\videos\ex_alzata_gamba\PM_111-Camera17-30fps.mp4,PM_111-Camera17-30fps,PM_111,2,PM_111-Camera17-30fps__rep_002,PM_111-Camera17-30fps__rep_002,-2,2450,2582,"2450,2469,2488,2507,2525,2544,2563,2582",0.8371183232098102,accepted,rotation,-10.0
1,C:\Users\Utente\Desktop\AriuFitness-copia-A\uploads\videos\ex_alzata_gamba\PM_111-Camera17-30fps.mp4,PM_111-Camera17-30fps,PM_111,2,PM_111-Camera17-30fps__rep_002,PM_111-Camera17-30fps__rep_002,-2,2450,2582,"2450,2469,2488,2507,2525,2544,2563,2582",0.8371183232098102,accepted,rotation,10.0
1,C:\Users\Utente\Desktop\AriuFitness-copia-A\uploads\videos\ex_alzata_gamba\PM_111-Camera17-30fps.mp4,PM_111-Camera17-30fps,PM_111,2,PM_111-Camera17-30fps__rep_002,PM_111-Camera17-30fps__rep_002,-1,2451,2583,"2451,2470,2489,2508,2526,2545,2564,2583",0.8371183232098102,accepted,original,0.0
1,C:\Users\Utente\Desktop\AriuFitness-copia-A\uploads\videos\ex_alzata_gamba\PM_111-Camera17-30fps.mp4,PM_111-Camera17-30fps,PM_111,2,PM_111-Camera17-30fps__rep_002,PM_111-Camera17-30fps__rep_002,-1,2451,2583,"2451,2470,2489,2508,2526,2545,2564,2583",0.8371183232098102,accepted,rotation,-10.0
1,C:\Users\Utente\Desktop\AriuFitness-copia-A\uploads\videos\ex_alzata_gamba\PM_111-Camera17-30fps.mp4,PM_111-Camera17-30fps,PM_111,2,PM_111-Camera17-30fps__rep_002,PM_111-Camera17-30fps__rep_002,-1,2451,2583,"2451,2470,2489,2508,2526,2545,2564,2583",0.8371183232098102,accepted,rotation,10.0
1,C:\Users\Utente\Desktop\AriuFitness-copia-A\uploads\videos\ex_alzata_gamba\PM_111-Camera17-30fps.mp4,PM_111-Camera17-30fps,PM_111,2,PM_111-Camera17-30fps__rep_002,PM_111-Camera17-30fps__rep_002,0,2452,2584,"2452,2471,2490,2509,2527,2546,2565,2584",0.8371183232098102,accepted,original,0.0
1,C:\Users\Utente\Desktop\AriuFitness-copia-A\uploads\videos\ex_alzata_gamba\PM_111-Camera17-30fps.mp4,PM_111-Camera17-30fps,PM_111,2,PM_111-Camera17-30fps__rep_002,PM_111-Camera17-30fps__rep_002,0,2452,2584,"2452,2471,2490,2509,2527,2546,2565,2584",0.8371183232098102,accepted,rotation,-10.0
1,C:\Users\Utente\Desktop\AriuFitness-copia-A\uploads\videos\ex_alzata_gamba\PM_111-Camera17-30fps.mp4,PM_111-Camera17-30fps,PM_111,2,PM_111-Camera17-30fps__rep_002,PM_111-Camera17-30fps__rep_002,0,2452,2584,"2452,2471,2490,2509,2527,2546,2565,2584",0.8371183232098102,accepted,rotation,10.0
1,C:\Users\Utente\Desktop\AriuFitness-copia-A\uploads\videos\ex_alzata_gamba\PM_111-Camera17-30fps.mp4,PM_111-Camera17-30fps,PM_111,2,PM_111-Camera17-30fps__rep_002,PM_111-Camera17-30fps__rep_002,1,2453,2585,"2453,2472,2491,2510,2528,2547,2566,2585",0.8371183232098102,accepted,original,0.0
1,C:\Users\Utente\Desktop\AriuFitness-copia-A\uploads\videos\ex_alzata_gamba\PM_111-Camera17-30fps.mp4,PM_111-Camera17-30fps,PM_111,2,PM_111-Camera17-30fps__rep_002,PM_111-Camera17-30fps__rep_002,1,2453,2585,"2453,2472,2491,2510,2528,2547,2566,2585",0.8371183232098102,accepted,rotation,-10.0
1,C:\Users\Utente\Desktop\AriuFitness-copia-A\uploads\videos\ex_alzata_gamba\PM_111-Camera17-30fps.mp4,PM_111-Camera17-30fps,PM_111,2,PM_111-Camera17-30fps__rep_002,PM_111-Camera17-30fps__rep_002,1,2453,2585,"2453,2472,2491,2510,2528,2547,2566,2585",0.8371183232098102,accepted,rotation,10.0
1,C:\Users\Utente\Desktop\AriuFitness-copia-A\uploads\videos\ex_alzata_gamba\PM_111-Camera17-30fps.mp4,PM_111-Camera17-30fps,PM_111,2,PM_111-Camera17-30fps__rep_002,PM_111-Camera17-30fps__rep_002,2,2454,2586,"2454,2473,2492,2511,2529,2548,2567,2586",0.8371183232098102,accepted,original,0.0
1,C:\Users\Utente\Desktop\AriuFitness-copia-A\uploads\videos\ex_alzata_gamba\PM_111-Camera17-30fps.mp4,PM_111-Camera17-30fps,PM_111,2,PM_111-Camera17-30fps__rep_002,PM_111-Camera17-30fps__rep_002,2,2454,2586,"2454,2473,2492,2511,2529,2548,2567,2586",0.8371183232098102,accepted,rotation,-10.0
1,C:\Users\Utente\Desktop\AriuFitness-copia-A\uploads\videos\ex_alzata_gamba\PM_111-Camera17-30fps.mp4,PM_111-Camera17-30fps,PM_111,2,PM_111-Camera17-30fps__rep_002,PM_111-Camera17-30fps__rep_002,2,2454,2586,"2454,2473,2492,2511,2529,2548,2567,2586",0.8371183232098102,accepted,rotation,10.0
1,C:\Users\Utente\Desktop\AriuFitness-copia-A\uploads\videos\ex_alzata_gamba\PM_111-Camera17-30fps.mp4,PM_111-Camera17-30fps,PM_111,2,PM_111-Camera17-30fps__rep_002,PM_111-Camera17-30fps__rep_002,3,2455,2587,"2455,2474,2493,2512,2530,2549,2568,2587",0.8371183232098102,accepted,original,0.0
1,C:\Users\Utente\Desktop\AriuFitness-copia-A\uploads\videos\ex_alzata_gamba\PM_111-Camera17-30fps.mp4,PM_111-Camera17-30fps,PM_111,2,PM_111-Camera17-30fps__rep_002,PM_111-Camera17-30fps__rep_002,3,2455,2587,"2455,2474,2493,2512,2530,2549,2568,2587",0.8371183232098102,accepted,rotation,-10.0
1,C:\Users\Utente\Desktop\AriuFitness-copia-A\uploads\videos\ex_alzata_gamba\PM_111-Camera17-30fps.mp4,PM_111-Camera17-30fps,PM_111,2,PM_111-Camera17-30fps__rep_002,PM_111-Camera17-30fps__rep_002,3,2455,2587,"2455,2474,2493,2512,2530,2549,2568,2587",0.8371183232098102,accepted,rotation,10.0
1,C:\Users\Utente\Desktop\AriuFitness-copia-A\uploads\videos\ex_alzata_gamba\PM_111-Camera17-30fps.mp4,PM_111-Camera17-30fps,PM_111,2,PM_111-Camera17-30fps__rep_002,PM_111-Camera17-30fps__rep_002,4,2456,2588,"2456,2475,2494,2513,2531,2550,2569,2588",0.8371183232098102,accepted,original,0.0
1,C:\Users\Utente\Desktop\AriuFitness-copia-A\uploads\videos\ex_alzata_gamba\PM_111-Camera17-30fps.mp4,PM_111-Camera17-30fps,PM_111,2,PM_111-Camera17-30fps__rep_002,PM_111-Camera17-30fps__rep_002,4,2456,2588,"2456,2475,2494,2513,2531,2550,2569,2588",0.8371183232098102,accepted,rotation,-10.0
1,C:\Users\Utente\Desktop\AriuFitness-copia-A\uploads\videos\ex_alzata_gamba\PM_111-Camera17-30fps.mp4,PM_111-Camera17-30fps,PM_111,2,PM_111-Camera17-30fps__rep_002,PM_111-Camera17-30fps__rep_002,4,2456,2588,"2456,2475,2494,2513,2531,2550,2569,2588",0.8371183232098102,accepted,rotation,10.0
1,C:\Users\Utente\Desktop\AriuFitness-copia-A\uploads\videos\ex_alzata_gamba\PM_111-Camera17-30fps.mp4,PM_111-Camera17-30fps,PM_111,2,PM_111-Camera17-30fps__rep_002,PM_111-Camera17-30fps__rep_002,5,2457,2589,"2457,2476,2495,2514,2532,2551,2570,2589",0.8371183232098102,accepted,original,0.0
1,C:\Users\Utente\Desktop\AriuFitness-copia-A\uploads\videos\ex_alzata_gamba\PM_111-Camera17-30fps.mp4,PM_111-Camera17-30fps,PM_111,2,PM_111-Camera17-30fps__rep_002,PM_111-Camera17-30fps__rep_002,5,2457,2589,"2457,2476,2495,2514,2532,2551,2570,2589",0.8371183232098102,accepted,rotation,-10.0
1,C:\Users\Utente\Desktop\AriuFitness-copia-A\uploads\videos\ex_alzata_gamba\PM_111-Camera17-30fps.mp4,PM_111-Camera17-30fps,PM_111,2,PM_111-Camera17-30fps__rep_002,PM_111-Camera17-30fps__rep_002,5,2457,2589,"2457,2476,2495,2514,2532,2551,2570,2589",0.8371183232098102,accepted,rotation,10.0
1,C:\Users\Utente\Desktop\AriuFitness-copia-A\uploads\videos\ex_alzata_gamba\PM_111-Camera17-30fps.mp4,PM_111-Camera17-30fps,PM_111,3,PM_111-Camera17-30fps__rep_003,PM_111-Camera17-30fps__rep_003,-5,2590,2706,"2590,2607,2623,2640,2656,2673,2689,2706",0.7857142857142857,accepted,original,0.0
1,C:\Users\Utente\Desktop\AriuFitness-copia-A\uploads\videos\ex_alzata_gamba\PM_111-Camera17-30fps.mp4,PM_111-Camera17-30fps,PM_111,3,PM_111-Camera17-30fps__rep_003,PM_111-Camera17-30fps__rep_003,-5,2590,2706,"2590,2607,2623,2640,2656,2673,2689,2706",0.7857142857142857,accepted,rotation,-10.0
1,C:\Users\Utente\Desktop\AriuFitness-copia-A\uploads\videos\ex_alzata_gamba\PM_111-Camera17-30fps.mp4,PM_111-Camera17-30fps,PM_111,3,PM_111-Camera17-30fps__rep_003,PM_111-Camera17-30fps__rep_003,-5,2590,2706,"2590,2607,2623,2640,2656,2673,2689,2706",0.7857142857142857,accepted,rotation,10.0
1,C:\Users\Utente\Desktop\AriuFitness-copia-A\uploads\videos\ex_alzata_gamba\PM_111-Camera17-30fps.mp4,PM_111-Camera17-30fps,PM_111,3,PM_111-Camera17-30fps__rep_003,PM_111-Camera17-30fps__rep_003,-4,2591,2707,"2591,2608,2624,2641,2657,2674,2690,2707",0.7857142857142857,accepted,original,0.0
1,C:\Users\Utente\Desktop\AriuFitness-copia-A\uploads\videos\ex_alzata_gamba\PM_111-Camera17-30fps.mp4,PM_111-Camera17-30fps,PM_111,3,PM_111-Camera17-30fps__rep_003,PM_111-Camera17-30fps__rep_003,-4,2591,2707,"2591,2608,2624,2641,2657,2674,2690,2707",0.7857142857142857,accepted,rotation,-10.0
1,C:\Users\Utente\Desktop\AriuFitness-copia-A\uploads\videos\ex_alzata_gamba\PM_111-Camera17-30fps.mp4,PM_111-Camera17-30fps,PM_111,3,PM_111-Camera17-30fps__rep_003,PM_111-Camera17-30fps__rep_003,-4,2591,2707,"2591,2608,2624,2641,2657,2674,2690,2707",0.7857142857142857,accepted,rotation,10.0
1,C:\Users\Utente\Desktop\AriuFitness-copia-A\uploads\videos\ex_alzata_gamba\PM_111-Camera17-30fps.mp4,PM_111-Camera17-30fps,PM_111,3,PM_111-Camera17-30fps__rep_003,PM_111-Camera17-30fps__rep_003,-3,2592,2708,"2592,2609,2625,2642,2658,2675,2691,2708",0.7857142857142857,accepted,original,0.0
1,C:\Users\Utente\Desktop\AriuFitness-copia-A\uploads\videos\ex_alzata_gamba\PM_111-Camera17-30fps.mp4,PM_111-Camera17-30fps,PM_111,3,PM_111-Camera17-30fps__rep_003,PM_111-Camera17-30fps__rep_003,-3,2592,2708,"2592,2609,2625,2642,2658,2675,2691,2708",0.7857142857142857,accepted,rotation,-10.0
1,C:\Users\Utente\Desktop\AriuFitness-copia-A\uploads\videos\ex_alzata_gamba\PM_111-Camera17-30fps.mp4,PM_111-Camera17-30fps,PM_111,3,PM_111-Camera17-30fps__rep_003,PM_111-Camera17-30fps__rep_003,-3,2592,2708,"2592,2609,2625,2642,2658,2675,2691,2708",0.7857142857142857,accepted,rotation,10.0
1,C:\Users\Utente\Desktop\AriuFitness-copia-A\uploads\videos\ex_alzata_gamba\PM_111-Camera17-30fps.mp4,PM_111-Camera17-30fps,PM_111,3,PM_111-Camera17-30fps__rep_003,PM_111-Camera17-30fps__rep_003,-2,2593,2709,"2593,2610,2626,2643,2659,2676,2692,2709",0.7857142857142857,accepted,original,0.0
1,C:\Users\Utente\Desktop\AriuFitness-copia-A\uploads\videos\ex_alzata_gamba\PM_111-Camera17-30fps.mp4,PM_111-Camera17-30fps,PM_111,3,PM_111-Camera17-30fps__rep_003,PM_111-Camera17-30fps__rep_003,-2,2593,2709,"2593,2610,2626,2643,2659,2676,2692,2709",0.7857142857142857,accepted,rotation,-10.0
1,C:\Users\Utente\Desktop\AriuFitness-copia-A\uploads\videos\ex_alzata_gamba\PM_111-Camera17-30fps.mp4,PM_111-Camera17-30fps,PM_111,3,PM_111-Camera17-30fps__rep_003,PM_111-Camera17-30fps__rep_003,-2,2593,2709,"2593,2610,2626,2643,2659,2676,2692,2709",0.7857142857142857,accepted,rotation,10.0
1,C:\Users\Utente\Desktop\AriuFitness-copia-A\uploads\videos\ex_alzata_gamba\PM_111-Camera17-30fps.mp4,PM_111-Camera17-30fps,PM_111,3,PM_111-Camera17-30fps__rep_003,PM_111-Camera17-30fps__rep_003,-1,2594,2710,"2594,2611,2627,2644,2660,2677,2693,2710",0.7857142857142857,accepted,original,0.0
1,C:\Users\Utente\Desktop\AriuFitness-copia-A\uploads\videos\ex_alzata_gamba\PM_111-Camera17-30fps.mp4,PM_111-Camera17-30fps,PM_111,3,PM_111-Camera17-30fps__rep_003,PM_111-Camera17-30fps__rep_003,-1,2594,2710,"2594,2611,2627,2644,2660,2677,2693,2710",0.7857142857142857,accepted,rotation,-10.0
1,C:\Users\Utente\Desktop\AriuFitness-copia-A\uploads\videos\ex_alzata_gamba\PM_111-Camera17-30fps.mp4,PM_111-Camera17-30fps,PM_111,3,PM_111-Camera17-30fps__rep_003,PM_111-Camera17-30fps__rep_003,-1,2594,2710,"2594,2611,2627,2644,2660,2677,2693,2710",0.7857142857142857,accepted,rotation,10.0
1,C:\Users\Utente\Desktop\AriuFitness-copia-A\uploads\videos\ex_alzata_gamba\PM_111-Camera17-30fps.mp4,PM_111-Camera17-30fps,PM_111,3,PM_111-Camera17-30fps__rep_003,PM_111-Camera17-30fps__rep_003,0,2595,2711,"2595,2612,2628,2645,2661,2678,2694,2711",0.7857142857142857,accepted,original,0.0
1,C:\Users\Utente\Desktop\AriuFitness-copia-A\uploads\videos\ex_alzata_gamba\PM_111-Camera17-30fps.mp4,PM_111-Camera17-30fps,PM_111,3,PM_111-Camera17-30fps__rep_003,PM_111-Camera17-30fps__rep_003,0,2595,2711,"2595,2612,2628,2645,2661,2678,2694,2711",0.7857142857142857,accepted,rotation,-10.0
1,C:\Users\Utente\Desktop\AriuFitness-copia-A\uploads\videos\ex_alzata_gamba\PM_111-Camera17-30fps.mp4,PM_111-Camera17-30fps,PM_111,3,PM_111-Camera17-30fps__rep_003,PM_111-Camera17-30fps__rep_003,0,2595,2711,"2595,2612,2628,2645,2661,2678,2694,2711",0.7857142857142857,accepted,rotation,10.0
1,C:\Users\Utente\Desktop\AriuFitness-copia-A\uploads\videos\ex_alzata_gamba\PM_111-Camera17-30fps.mp4,PM_111-Camera17-30fps,PM_111,3,PM_111-Camera17-30fps__rep_003,PM_111-Camera17-30fps__rep_003,1,2596,2712,"2596,2613,2629,2646,2662,2679,2695,2712",0.7857142857142857,accepted,original,0.0
1,C:\Users\Utente\Desktop\AriuFitness-copia-A\uploads\videos\ex_alzata_gamba\PM_111-Camera17-30fps.mp4,PM_111-Camera17-30fps,PM_111,3,PM_111-Camera17-30fps__rep_003,PM_111-Camera17-30fps__rep_003,1,2596,2712,"2596,2613,2629,2646,2662,2679,2695,2712",0.7857142857142857,accepted,rotation,-10.0
1,C:\Users\Utente\Desktop\AriuFitness-copia-A\uploads\videos\ex_alzata_gamba\PM_111-Camera17-30fps.mp4,PM_111-Camera17-30fps,PM_111,3,PM_111-Camera17-30fps__rep_003,PM_111-Camera17-30fps__rep_003,1,2596,2712,"2596,2613,2629,2646,2662,2679,2695,2712",0.7857142857142857,accepted,rotation,10.0
1,C:\Users\Utente\Desktop\AriuFitness-copia-A\uploads\videos\ex_alzata_gamba\PM_111-Camera17-30fps.mp4,PM_111-Camera17-30fps,PM_111,3,PM_111-Camera17-30fps__rep_003,PM_111-Camera17-30fps__rep_003,2,2597,2713,"2597,2614,2630,2647,2663,2680,2696,2713",0.7857142857142857,accepted,original,0.0
1,C:\Users\Utente\Desktop\AriuFitness-copia-A\uploads\videos\ex_alzata_gamba\PM_111-Camera17-30fps.mp4,PM_111-Camera17-30fps,PM_111,3,PM_111-Camera17-30fps__rep_003,PM_111-Camera17-30fps__rep_003,2,2597,2713,"2597,2614,2630,2647,2663,2680,2696,2713",0.7857142857142857,accepted,rotation,-10.0
1,C:\Users\Utente\Desktop\AriuFitness-copia-A\uploads\videos\ex_alzata_gamba\PM_111-Camera17-30fps.mp4,PM_111-Camera17-30fps,PM_111,3,PM_111-Camera17-30fps__rep_003,PM_111-Camera17-30fps__rep_003,2,2597,2713,"2597,2614,2630,2647,2663,2680,2696,2713",0.7857142857142857,accepted,rotation,10.0
1,C:\Users\Utente\Desktop\AriuFitness-copia-A\uploads\videos\ex_alzata_gamba\PM_111-Camera17-30fps.mp4,PM_111-Camera17-30fps,PM_111,3,PM_111-Camera17-30fps__rep_003,PM_111-Camera17-30fps__rep_003,3,2598,2714,"2598,2615,2631,2648,2664,2681,2697,2714",0.7857142857142857,accepted,original,0.0
1,C:\Users\Utente\Desktop\AriuFitness-copia-A\uploads\videos\ex_alzata_gamba\PM_111-Camera17-30fps.mp4,PM_111-Camera17-30fps,PM_111,3,PM_111-Camera17-30fps__rep_003,PM_111-Camera17-30fps__rep_003,3,2598,2714,"2598,2615,2631,2648,2664,2681,2697,2714",0.7857142857142857,accepted,rotation,-10.0
1,C:\Users\Utente\Desktop\AriuFitness-copia-A\uploads\videos\ex_alzata_gamba\PM_111-Camera17-30fps.mp4,PM_111-Camera17-30fps,PM_111,3,PM_111-Camera17-30fps__rep_003,PM_111-Camera17-30fps__rep_003,3,2598,2714,"2598,2615,2631,2648,2664,2681,2697,2714",0.7857142857142857,accepted,rotation,10.0
1,C:\Users\Utente\Desktop\AriuFitness-copia-A\uploads\videos\ex_alzata_gamba\PM_111-Camera17-30fps.mp4,PM_111-Camera17-30fps,PM_111,3,PM_111-Camera17-30fps__rep_003,PM_111-Camera17-30fps__rep_003,4,2599,2715,"2599,2616,2632,2649,2665,2682,2698,2715",0.7857142857142857,accepted,original,0.0
1,C:\Users\Utente\Desktop\AriuFitness-copia-A\uploads\videos\ex_alzata_gamba\PM_111-Camera17-30fps.mp4,PM_111-Camera17-30fps,PM_111,3,PM_111-Camera17-30fps__rep_003,PM_111-Camera17-30fps__rep_003,4,2599,2715,"2599,2616,2632,2649,2665,2682,2698,2715",0.7857142857142857,accepted,rotation,-10.0
1,C:\Users\Utente\Desktop\AriuFitness-copia-A\uploads\videos\ex_alzata_gamba\PM_111-Camera17-30fps.mp4,PM_111-Camera17-30fps,PM_111,3,PM_111-Camera17-30fps__rep_003,PM_111-Camera17-30fps__rep_003,4,2599,2715,"2599,2616,2632,2649,2665,2682,2698,2715",0.7857142857142857,accepted,rotation,10.0
1,C:\Users\Utente\Desktop\AriuFitness-copia-A\uploads\videos\ex_alzata_gamba\PM_111-Camera17-30fps.mp4,PM_111-Camera17-30fps,PM_111,3,PM_111-Camera17-30fps__rep_003,PM_111-Camera17-30fps__rep_003,5,2600,2716,"2600,2617,2633,2650,2666,2683,2699,2716",0.7857142857142857,accepted,original,0.0
1,C:\Users\Utente\Desktop\AriuFitness-copia-A\uploads\videos\ex_alzata_gamba\PM_111-Camera17-30fps.mp4,PM_111-Camera17-30fps,PM_111,3,PM_111-Camera17-30fps__rep_003,PM_111-Camera17-30fps__rep_003,5,2600,2716,"2600,2617,2633,2650,2666,2683,2699,2716",0.7857142857142857,accepted,rotation,-10.0
1,C:\Users\Utente\Desktop\AriuFitness-copia-A\uploads\videos\ex_alzata_gamba\PM_111-Camera17-30fps.mp4,PM_111-Camera17-30fps,PM_111,3,PM_111-Camera17-30fps__rep_003,PM_111-Camera17-30fps__rep_003,5,2600,2716,"2600,2617,2633,2650,2666,2683,2699,2716",0.7857142857142857,accepted,rotation,10.0
1,C:\Users\Utente\Desktop\AriuFitness-copia-A\uploads\videos\ex_alzata_gamba\PM_111-Camera17-30fps.mp4,PM_111-Camera17-30fps,PM_111,4,PM_111-Camera17-30fps__rep_004,PM_111-Camera17-30fps__rep_004,-5,2706,2786,"2706,2717,2729,2740,2752,2763,2775,2786",0.7865390008666915,accepted,original,0.0
1,C:\Users\Utente\Desktop\AriuFitness-copia-A\uploads\videos\ex_alzata_gamba\PM_111-Camera17-30fps.mp4,PM_111-Camera17-30fps,PM_111,4,PM_111-Camera17-30fps__rep_004,PM_111-Camera17-30fps__rep_004,-5,2706,2786,"2706,2717,2729,2740,2752,2763,2775,2786",0.7865390008666915,accepted,rotation,-10.0
1,C:\Users\Utente\Desktop\AriuFitness-copia-A\uploads\videos\ex_alzata_gamba\PM_111-Camera17-30fps.mp4,PM_111-Camera17-30fps,PM_111,4,PM_111-Camera17-30fps__rep_004,PM_111-Camera17-30fps__rep_004,-5,2706,2786,"2706,2717,2729,2740,2752,2763,2775,2786",0.7865390008666915,accepted,rotation,10.0
1,C:\Users\Utente\Desktop\AriuFitness-copia-A\uploads\videos\ex_alzata_gamba\PM_111-Camera17-30fps.mp4,PM_111-Camera17-30fps,PM_111,4,PM_111-Camera17-30fps__rep_004,PM_111-Camera17-30fps__rep_004,-4,2707,2787,"2707,2718,2730,2741,2753,2764,2776,2787",0.7865390008666915,accepted,original,0.0
1,C:\Users\Utente\Desktop\AriuFitness-copia-A\uploads\videos\ex_alzata_gamba\PM_111-Camera17-30fps.mp4,PM_111-Camera17-30fps,PM_111,4,PM_111-Camera17-30fps__rep_004,PM_111-Camera17-30fps__rep_004,-4,2707,2787,"2707,2718,2730,2741,2753,2764,2776,2787",0.7865390008666915,accepted,rotation,-10.0
1,C:\Users\Utente\Desktop\AriuFitness-copia-A\uploads\videos\ex_alzata_gamba\PM_111-Camera17-30fps.mp4,PM_111-Camera17-30fps,PM_111,4,PM_111-Camera17-30fps__rep_004,PM_111-Camera17-30fps__rep_004,-4,2707,2787,"2707,2718,2730,2741,2753,2764,2776,2787",0.7865390008666915,accepted,rotation,10.0
1,C:\Users\Utente\Desktop\AriuFitness-copia-A\uploads\videos\ex_alzata_gamba\PM_111-Camera17-30fps.mp4,PM_111-Camera17-30fps,PM_111,4,PM_111-Camera17-30fps__rep_004,PM_111-Camera17-30fps__rep_004,-3,2708,2788,"2708,2719,2731,2742,2754,2765,2777,2788",0.7865390008666915,accepted,original,0.0
1,C:\Users\Utente\Desktop\AriuFitness-copia-A\uploads\videos\ex_alzata_gamba\PM_111-Camera17-30fps.mp4,PM_111-Camera17-30fps,PM_111,4,PM_111-Camera17-30fps__rep_004,PM_111-Camera17-30fps__rep_004,-3,2708,2788,"2708,2719,2731,2742,2754,2765,2777,2788",0.7865390008666915,accepted,rotation,-10.0
1,C:\Users\Utente\Desktop\AriuFitness-copia-A\uploads\videos\ex_alzata_gamba\PM_111-Camera17-30fps.mp4,PM_111-Camera17-30fps,PM_111,4,PM_111-Camera17-30fps__rep_004,PM_111-Camera17-30fps__rep_004,-3,2708,2788,"2708,2719,2731,2742,2754,2765,2777,2788",0.7865390008666915,accepted,rotation,10.0
1,C:\Users\Utente\Desktop\AriuFitness-copia-A\uploads\videos\ex_alzata_gamba\PM_111-Camera17-30fps.mp4,PM_111-Camera17-30fps,PM_111,4,PM_111-Camera17-30fps__rep_004,PM_111-Camera17-30fps__rep_004,-2,2709,2789,"2709,2720,2732,2743,2755,2766,2778,2789",0.7865390008666915,accepted,original,0.0
1,C:\Users\Utente\Desktop\AriuFitness-copia-A\uploads\videos\ex_alzata_gamba\PM_111-Camera17-30fps.mp4,PM_111-Camera17-30fps,PM_111,4,PM_111-Camera17-30fps__rep_004,PM_111-Camera17-30fps__rep_004,-2,2709,2789,"2709,2720,2732,2743,2755,2766,2778,2789",0.7865390008666915,accepted,rotation,-10.0
1,C:\Users\Utente\Desktop\AriuFitness-copia-A\uploads\videos\ex_alzata_gamba\PM_111-Camera17-30fps.mp4,PM_111-Camera17-30fps,PM_111,4,PM_111-Camera17-30fps__rep_004,PM_111-Camera17-30fps__rep_004,-2,2709,2789,"2709,2720,2732,2743,2755,2766,2778,2789",0.7865390008666915,accepted,rotation,10.0
1,C:\Users\Utente\Desktop\AriuFitness-copia-A\uploads\videos\ex_alzata_gamba\PM_111-Camera17-30fps.mp4,PM_111-Camera17-30fps,PM_111,4,PM_111-Camera17-30fps__rep_004,PM_111-Camera17-30fps__rep_004,-1,2710,2790,"2710,2721,2733,2744,2756,2767,2779,2790",0.7865390008666915,accepted,original,0.0
1,C:\Users\Utente\Desktop\AriuFitness-copia-A\uploads\videos\ex_alzata_gamba\PM_111-Camera17-30fps.mp4,PM_111-Camera17-30fps,PM_111,4,PM_111-Camera17-30fps__rep_004,PM_111-Camera17-30fps__rep_004,-1,2710,2790,"2710,2721,2733,2744,2756,2767,2779,2790",0.7865390008666915,accepted,rotation,-10.0
1,C:\Users\Utente\Desktop\AriuFitness-copia-A\uploads\videos\ex_alzata_gamba\PM_111-Camera17-30fps.mp4,PM_111-Camera17-30fps,PM_111,4,PM_111-Camera17-30fps__rep_004,PM_111-Camera17-30fps__rep_004,-1,2710,2790,"2710,2721,2733,2744,2756,2767,2779,2790",0.7865390008666915,accepted,rotation,10.0
1,C:\Users\Utente\Desktop\AriuFitness-copia-A\uploads\videos\ex_alzata_gamba\PM_111-Camera17-30fps.mp4,PM_111-Camera17-30fps,PM_111,4,PM_111-Camera17-30fps__rep_004,PM_111-Camera17-30fps__rep_004,0,2711,2791,"2711,2722,2734,2745,2757,2768,2780,2791",0.7865390008666915,accepted,original,0.0
1,C:\Users\Utente\Desktop\AriuFitness-copia-A\uploads\videos\ex_alzata_gamba\PM_111-Camera17-30fps.mp4,PM_111-Camera17-30fps,PM_111,4,PM_111-Camera17-30fps__rep_004,PM_111-Camera17-30fps__rep_004,0,2711,2791,"2711,2722,2734,2745,2757,2768,2780,2791",0.7865390008666915,accepted,rotation,-10.0
1,C:\Users\Utente\Desktop\AriuFitness-copia-A\uploads\videos\ex_alzata_gamba\PM_111-Camera17-30fps.mp4,PM_111-Camera17-30fps,PM_111,4,PM_111-Camera17-30fps__rep_004,PM_111-Camera17-30fps__rep_004,0,2711,2791,"2711,2722,2734,2745,2757,2768,2780,2791",0.7865390008666915,accepted,rotation,10.0
1,C:\Users\Utente\Desktop\AriuFitness-copia-A\uploads\videos\ex_alzata_gamba\PM_111-Camera17-30fps.mp4,PM_111-Camera17-30fps,PM_111,4,PM_111-Camera17-30fps__rep_004,PM_111-Camera17-30fps__rep_004,1,2712,2792,"2712,2723,2735,2746,2758,2769,2781,2792",0.7865390008666915,accepted,original,0.0
1,C:\Users\Utente\Desktop\AriuFitness-copia-A\uploads\videos\ex_alzata_gamba\PM_111-Camera17-30fps.mp4,PM_111-Camera17-30fps,PM_111,4,PM_111-Camera17-30fps__rep_004,PM_111-Camera17-30fps__rep_004,1,2712,2792,"2712,2723,2735,2746,2758,2769,2781,2792",0.7865390008666915,accepted,rotation,-10.0
1,C:\Users\Utente\Desktop\AriuFitness-copia-A\uploads\videos\ex_alzata_gamba\PM_111-Camera17-30fps.mp4,PM_111-Camera17-30fps,PM_111,4,PM_111-Camera17-30fps__rep_004,PM_111-Camera17-30fps__rep_004,1,2712,2792,"2712,2723,2735,2746,2758,2769,2781,2792",0.7865390008666915,accepted,rotation,10.0
1,C:\Users\Utente\Desktop\AriuFitness-copia-A\uploads\videos\ex_alzata_gamba\PM_111-Camera17-30fps.mp4,PM_111-Camera17-30fps,PM_111,4,PM_111-Camera17-30fps__rep_004,PM_111-Camera17-30fps__rep_004,2,2713,2793,"2713,2724,2736,2747,2759,2770,2782,2793",0.7865390008666915,accepted,original,0.0
1,C:\Users\Utente\Desktop\AriuFitness-copia-A\uploads\videos\ex_alzata_gamba\PM_111-Camera17-30fps.mp4,PM_111-Camera17-30fps,PM_111,4,PM_111-Camera17-30fps__rep_004,PM_111-Camera17-30fps__rep_004,2,2713,2793,"2713,2724,2736,2747,2759,2770,2782,2793",0.7865390008666915,accepted,rotation,-10.0
1,C:\Users\Utente\Desktop\AriuFitness-copia-A\uploads\videos\ex_alzata_gamba\PM_111-Camera17-30fps.mp4,PM_111-Camera17-30fps,PM_111,4,PM_111-Camera17-30fps__rep_004,PM_111-Camera17-30fps__rep_004,2,2713,2793,"2713,2724,2736,2747,2759,2770,2782,2793",0.7865390008666915,accepted,rotation,10.0
1,C:\Users\Utente\Desktop\AriuFitness-copia-A\uploads\videos\ex_alzata_gamba\PM_111-Camera17-30fps.mp4,PM_111-Camera17-30fps,PM_111,4,PM_111-Camera17-30fps__rep_004,PM_111-Camera17-30fps__rep_004,3,2714,2794,"2714,2725,2737,2748,2760,2771,2783,2794",0.7865390008666915,accepted,original,0.0
1,C:\Users\Utente\Desktop\AriuFitness-copia-A\uploads\videos\ex_alzata_gamba\PM_111-Camera17-30fps.mp4,PM_111-Camera17-30fps,PM_111,4,PM_111-Camera17-30fps__rep_004,PM_111-Camera17-30fps__rep_004,3,2714,2794,"2714,2725,2737,2748,2760,2771,2783,2794",0.7865390008666915,accepted,rotation,-10.0
1,C:\Users\Utente\Desktop\AriuFitness-copia-A\uploads\videos\ex_alzata_gamba\PM_111-Camera17-30fps.mp4,PM_111-Camera17-30fps,PM_111,4,PM_111-Camera17-30fps__rep_004,PM_111-Camera17-30fps__rep_004,3,2714,2794,"2714,2725,2737,2748,2760,2771,2783,2794",0.7865390008666915,accepted,rotation,10.0
1,C:\Users\Utente\Desktop\AriuFitness-copia-A\uploads\videos\ex_alzata_gamba\PM_111-Camera17-30fps.mp4,PM_111-Camera17-30fps,PM_111,4,PM_111-Camera17-30fps__rep_004,PM_111-Camera17-30fps__rep_004,4,2715,2795,"2715,2726,2738,2749,2761,2772,2784,2795",0.7865390008666915,accepted,original,0.0
1,C:\Users\Utente\Desktop\AriuFitness-copia-A\uploads\videos\ex_alzata_gamba\PM_111-Camera17-30fps.mp4,PM_111-Camera17-30fps,PM_111,4,PM_111-Camera17-30fps__rep_004,PM_111-Camera17-30fps__rep_004,4,2715,2795,"2715,2726,2738,2749,2761,2772,2784,2795",0.7865390008666915,accepted,rotation,-10.0
1,C:\Users\Utente\Desktop\AriuFitness-copia-A\uploads\videos\ex_alzata_gamba\PM_111-Camera17-30fps.mp4,PM_111-Camera17-30fps,PM_111,4,PM_111-Camera17-30fps__rep_004,PM_111-Camera17-30fps__rep_004,4,2715,2795,"2715,2726,2738,2749,2761,2772,2784,2795",0.7865390008666915,accepted,rotation,10.0
1,C:\Users\Utente\Desktop\AriuFitness-copia-A\uploads\videos\ex_alzata_gamba\PM_111-Camera17-30fps.mp4,PM_111-Camera17-30fps,PM_111,4,PM_111-Camera17-30fps__rep_004,PM_111-Camera17-30fps__rep_004,5,2716,2796,"2716,2727,2739,2750,2762,2773,2785,2796",0.7865390008666915,accepted,original,0.0
1,C:\Users\Utente\Desktop\AriuFitness-copia-A\uploads\videos\ex_alzata_gamba\PM_111-Camera17-30fps.mp4,PM_111-Camera17-30fps,PM_111,4,PM_111-Camera17-30fps__rep_004,PM_111-Camera17-30fps__rep_004,5,2716,2796,"2716,2727,2739,2750,2762,2773,2785,2796",0.7865390008666915,accepted,rotation,-10.0
1,C:\Users\Utente\Desktop\AriuFitness-copia-A\uploads\videos\ex_alzata_gamba\PM_111-Camera17-30fps.mp4,PM_111-Camera17-30fps,PM_111,4,PM_111-Camera17-30fps__rep_004,PM_111-Camera17-30fps__rep_004,5,2716,2796,"2716,2727,2739,2750,2762,2773,2785,2796",0.7865390008666915,accepted,rotation,10.0
1,C:\Users\Utente\Desktop\AriuFitness-copia-A\uploads\videos\ex_alzata_gamba\PM_111-Camera17-30fps.mp4,PM_111-Camera17-30fps,PM_111,5,PM_111-Camera17-30fps__rep_005,PM_111-Camera17-30fps__rep_005,-5,2786,2915,"2786,2804,2823,2841,2860,2878,2897,2915",0.8928571428571428,accepted,original,0.0
1,C:\Users\Utente\Desktop\AriuFitness-copia-A\uploads\videos\ex_alzata_gamba\PM_111-Camera17-30fps.mp4,PM_111-Camera17-30fps,PM_111,5,PM_111-Camera17-30fps__rep_005,PM_111-Camera17-30fps__rep_005,-5,2786,2915,"2786,2804,2823,2841,2860,2878,2897,2915",0.8928571428571428,accepted,rotation,-10.0
1,C:\Users\Utente\Desktop\AriuFitness-copia-A\uploads\videos\ex_alzata_gamba\PM_111-Camera17-30fps.mp4,PM_111-Camera17-30fps,PM_111,5,PM_111-Camera17-30fps__rep_005,PM_111-Camera17-30fps__rep_005,-5,2786,2915,"2786,2804,2823,2841,2860,2878,2897,2915",0.8928571428571428,accepted,rotation,10.0
1,C:\Users\Utente\Desktop\AriuFitness-copia-A\uploads\videos\ex_alzata_gamba\PM_111-Camera17-30fps.mp4,PM_111-Camera17-30fps,PM_111,5,PM_111-Camera17-30fps__rep_005,PM_111-Camera17-30fps__rep_005,-4,2787,2916,"2787,2805,2824,2842,2861,2879,2898,2916",0.8928571428571428,accepted,original,0.0
1,C:\Users\Utente\Desktop\AriuFitness-copia-A\uploads\videos\ex_alzata_gamba\PM_111-Camera17-30fps.mp4,PM_111-Camera17-30fps,PM_111,5,PM_111-Camera17-30fps__rep_005,PM_111-Camera17-30fps__rep_005,-4,2787,2916,"2787,2805,2824,2842,2861,2879,2898,2916",0.8928571428571428,accepted,rotation,-10.0
1,C:\Users\Utente\Desktop\AriuFitness-copia-A\uploads\videos\ex_alzata_gamba\PM_111-Camera17-30fps.mp4,PM_111-Camera17-30fps,PM_111,5,PM_111-Camera17-30fps__rep_005,PM_111-Camera17-30fps__rep_005,-4,2787,2916,"2787,2805,2824,2842,2861,2879,2898,2916",0.8928571428571428,accepted,rotation,10.0
1,C:\Users\Utente\Desktop\AriuFitness-copia-A\uploads\videos\ex_alzata_gamba\PM_111-Camera17-30fps.mp4,PM_111-Camera17-30fps,PM_111,5,PM_111-Camera17-30fps__rep_005,PM_111-Camera17-30fps__rep_005,-3,2788,2917,"2788,2806,2825,2843,2862,2880,2899,2917",0.8928571428571428,accepted,original,0.0
1,C:\Users\Utente\Desktop\AriuFitness-copia-A\uploads\videos\ex_alzata_gamba\PM_111-Camera17-30fps.mp4,PM_111-Camera17-30fps,PM_111,5,PM_111-Camera17-30fps__rep_005,PM_111-Camera17-30fps__rep_005,-3,2788,2917,"2788,2806,2825,2843,2862,2880,2899,2917",0.8928571428571428,accepted,rotation,-10.0
1,C:\Users\Utente\Desktop\AriuFitness-copia-A\uploads\videos\ex_alzata_gamba\PM_111-Camera17-30fps.mp4,PM_111-Camera17-30fps,PM_111,5,PM_111-Camera17-30fps__rep_005,PM_111-Camera17-30fps__rep_005,-3,2788,2917,"2788,2806,2825,2843,2862,2880,2899,2917",0.8928571428571428,accepted,rotation,10.0
1,C:\Users\Utente\Desktop\AriuFitness-copia-A\uploads\videos\ex_alzata_gamba\PM_111-Camera17-30fps.mp4,PM_111-Camera17-30fps,PM_111,5,PM_111-Camera17-30fps__rep_005,PM_111-Camera17-30fps__rep_005,-2,2789,2918,"2789,2807,2826,2844,2863,2881,2900,2918",0.8928571428571428,accepted,original,0.0
1,C:\Users\Utente\Desktop\AriuFitness-copia-A\uploads\videos\ex_alzata_gamba\PM_111-Camera17-30fps.mp4,PM_111-Camera17-30fps,PM_111,5,PM_111-Camera17-30fps__rep_005,PM_111-Camera17-30fps__rep_005,-2,2789,2918,"2789,2807,2826,2844,2863,2881,2900,2918",0.8928571428571428,accepted,rotation,-10.0
1,C:\Users\Utente\Desktop\AriuFitness-copia-A\uploads\videos\ex_alzata_gamba\PM_111-Camera17-30fps.mp4,PM_111-Camera17-30fps,PM_111,5,PM_111-Camera17-30fps__rep_005,PM_111-Camera17-30fps__rep_005,-2,2789,2918,"2789,2807,2826,2844,2863,2881,2900,2918",0.8928571428571428,accepted,rotation,10.0
1,C:\Users\Utente\Desktop\AriuFitness-copia-A\uploads\videos\ex_alzata_gamba\PM_111-Camera17-30fps.mp4,PM_111-Camera17-30fps,PM_111,5,PM_111-Camera17-30fps__rep_005,PM_111-Camera17-30fps__rep_005,-1,2790,2919,"2790,2808,2827,2845,2864,2882,2901,2919",0.8928571428571428,accepted,original,0.0
1,C:\Users\Utente\Desktop\AriuFitness-copia-A\uploads\videos\ex_alzata_gamba\PM_111-Camera17-30fps.mp4,PM_111-Camera17-30fps,PM_111,5,PM_111-Camera17-30fps__rep_005,PM_111-Camera17-30fps__rep_005,-1,2790,2919,"2790,2808,2827,2845,2864,2882,2901,2919",0.8928571428571428,accepted,rotation,-10.0
1,C:\Users\Utente\Desktop\AriuFitness-copia-A\uploads\videos\ex_alzata_gamba\PM_111-Camera17-30fps.mp4,PM_111-Camera17-30fps,PM_111,5,PM_111-Camera17-30fps__rep_005,PM_111-Camera17-30fps__rep_005,-1,2790,2919,"2790,2808,2827,2845,2864,2882,2901,2919",0.8928571428571428,accepted,rotation,10.0
1,C:\Users\Utente\Desktop\AriuFitness-copia-A\uploads\videos\ex_alzata_gamba\PM_111-Camera17-30fps.mp4,PM_111-Camera17-30fps,PM_111,5,PM_111-Camera17-30fps__rep_005,PM_111-Camera17-30fps__rep_005,0,2791,2920,"2791,2809,2828,2846,2865,2883,2902,2920",0.8928571428571428,accepted,original,0.0
1,C:\Users\Utente\Desktop\AriuFitness-copia-A\uploads\videos\ex_alzata_gamba\PM_111-Camera17-30fps.mp4,PM_111-Camera17-30fps,PM_111,5,PM_111-Camera17-30fps__rep_005,PM_111-Camera17-30fps__rep_005,0,2791,2920,"2791,2809,2828,2846,2865,2883,2902,2920",0.8928571428571428,accepted,rotation,-10.0
1,C:\Users\Utente\Desktop\AriuFitness-copia-A\uploads\videos\ex_alzata_gamba\PM_111-Camera17-30fps.mp4,PM_111-Camera17-30fps,PM_111,5,PM_111-Camera17-30fps__rep_005,PM_111-Camera17-30fps__rep_005,0,2791,2920,"2791,2809,2828,2846,2865,2883,2902,2920",0.8928571428571428,accepted,rotation,10.0
1,C:\Users\Utente\Desktop\AriuFitness-copia-A\uploads\videos\ex_alzata_gamba\PM_111-Camera17-30fps.mp4,PM_111-Camera17-30fps,PM_111,5,PM_111-Camera17-30fps__rep_005,PM_111-Camera17-30fps__rep_005,1,2792,2921,"2792,2810,2829,2847,2866,2884,2903,2921",0.8928571428571428,accepted,original,0.0
1,C:\Users\Utente\Desktop\AriuFitness-copia-A\uploads\videos\ex_alzata_gamba\PM_111-Camera17-30fps.mp4,PM_111-Camera17-30fps,PM_111,5,PM_111-Camera17-30fps__rep_005,PM_111-Camera17-30fps__rep_005,1,2792,2921,"2792,2810,2829,2847,2866,2884,2903,2921",0.8928571428571428,accepted,rotation,-10.0
1,C:\Users\Utente\Desktop\AriuFitness-copia-A\uploads\videos\ex_alzata_gamba\PM_111-Camera17-30fps.mp4,PM_111-Camera17-30fps,PM_111,5,PM_111-Camera17-30fps__rep_005,PM_111-Camera17-30fps__rep_005,1,2792,2921,"2792,2810,2829,2847,2866,2884,2903,2921",0.8928571428571428,accepted,rotation,10.0
1,C:\Users\Utente\Desktop\AriuFitness-copia-A\uploads\videos\ex_alzata_gamba\PM_111-Camera17-30fps.mp4,PM_111-Camera17-30fps,PM_111,5,PM_111-Camera17-30fps__rep_005,PM_111-Camera17-30fps__rep_005,2,2793,2922,"2793,2811,2830,2848,2867,2885,2904,2922",0.8928571428571428,accepted,original,0.0
1,C:\Users\Utente\Desktop\AriuFitness-copia-A\uploads\videos\ex_alzata_gamba\PM_111-Camera17-30fps.mp4,PM_111-Camera17-30fps,PM_111,5,PM_111-Camera17-30fps__rep_005,PM_111-Camera17-30fps__rep_005,2,2793,2922,"2793,2811,2830,2848,2867,2885,2904,2922",0.8928571428571428,accepted,rotation,-10.0
1,C:\Users\Utente\Desktop\AriuFitness-copia-A\uploads\videos\ex_alzata_gamba\PM_111-Camera17-30fps.mp4,PM_111-Camera17-30fps,PM_111,5,PM_111-Camera17-30fps__rep_005,PM_111-Camera17-30fps__rep_005,2,2793,2922,"2793,2811,2830,2848,2867,2885,2904,2922",0.8928571428571428,accepted,rotation,10.0
1,C:\Users\Utente\Desktop\AriuFitness-copia-A\uploads\videos\ex_alzata_gamba\PM_111-Camera17-30fps.mp4,PM_111-Camera17-30fps,PM_111,5,PM_111-Camera17-30fps__rep_005,PM_111-Camera17-30fps__rep_005,3,2794,2923,"2794,2812,2831,2849,2868,2886,2905,2923",0.8928571428571428,accepted,original,0.0
1,C:\Users\Utente\Desktop\AriuFitness-copia-A\uploads\videos\ex_alzata_gamba\PM_111-Camera17-30fps.mp4,PM_111-Camera17-30fps,PM_111,5,PM_111-Camera17-30fps__rep_005,PM_111-Camera17-30fps__rep_005,3,2794,2923,"2794,2812,2831,2849,2868,2886,2905,2923",0.8928571428571428,accepted,rotation,-10.0
1,C:\Users\Utente\Desktop\AriuFitness-copia-A\uploads\videos\ex_alzata_gamba\PM_111-Camera17-30fps.mp4,PM_111-Camera17-30fps,PM_111,5,PM_111-Camera17-30fps__rep_005,PM_111-Camera17-30fps__rep_005,3,2794,2923,"2794,2812,2831,2849,2868,2886,2905,2923",0.8928571428571428,accepted,rotation,10.0
1,C:\Users\Utente\Desktop\AriuFitness-copia-A\uploads\videos\ex_alzata_gamba\PM_111-Camera17-30fps.mp4,PM_111-Camera17-30fps,PM_111,5,PM_111-Camera17-30fps__rep_005,PM_111-Camera17-30fps__rep_005,4,2795,2924,"2795,2813,2832,2850,2869,2887,2906,2924",0.8928571428571428,accepted,original,0.0
1,C:\Users\Utente\Desktop\AriuFitness-copia-A\uploads\videos\ex_alzata_gamba\PM_111-Camera17-30fps.mp4,PM_111-Camera17-30fps,PM_111,5,PM_111-Camera17-30fps__rep_005,PM_111-Camera17-30fps__rep_005,4,2795,2924,"2795,2813,2832,2850,2869,2887,2906,2924",0.8928571428571428,accepted,rotation,-10.0
1,C:\Users\Utente\Desktop\AriuFitness-copia-A\uploads\videos\ex_alzata_gamba\PM_111-Camera17-30fps.mp4,PM_111-Camera17-30fps,PM_111,5,PM_111-Camera17-30fps__rep_005,PM_111-Camera17-30fps__rep_005,4,2795,2924,"2795,2813,2832,2850,2869,2887,2906,2924",0.8928571428571428,accepted,rotation,10.0
1,C:\Users\Utente\Desktop\AriuFitness-copia-A\uploads\videos\ex_alzata_gamba\PM_111-Camera17-30fps.mp4,PM_111-Camera17-30fps,PM_111,5,PM_111-Camera17-30fps__rep_005,PM_111-Camera17-30fps__rep_005,5,2796,2925,"2796,2814,2833,2851,2870,2888,2907,2925",0.8928571428571428,accepted,original,0.0
1,C:\Users\Utente\Desktop\AriuFitness-copia-A\uploads\videos\ex_alzata_gamba\PM_111-Camera17-30fps.mp4,PM_111-Camera17-30fps,PM_111,5,PM_111-Camera17-30fps__rep_005,PM_111-Camera17-30fps__rep_005,5,2796,2925,"2796,2814,2833,2851,2870,2888,2907,2925",0.8928571428571428,accepted,rotation,-10.0
1,C:\Users\Utente\Desktop\AriuFitness-copia-A\uploads\videos\ex_alzata_gamba\PM_111-Camera17-30fps.mp4,PM_111-Camera17-30fps,PM_111,5,PM_111-Camera17-30fps__rep_005,PM_111-Camera17-30fps__rep_005,5,2796,2925,"2796,2814,2833,2851,2870,2888,2907,2925",0.8928571428571428,accepted,rotation,10.0
1,C:\Users\Utente\Desktop\AriuFitness-copia-A\uploads\videos\ex_alzata_gamba\PM_111-Camera17-30fps.mp4,PM_111-Camera17-30fps,PM_111,6,PM_111-Camera17-30fps__rep_006,PM_111-Camera17-30fps__rep_006,-5,2915,3021,"2915,2930,2945,2960,2976,2991,3006,3021",0.7857142857142857,accepted,original,0.0
1,C:\Users\Utente\Desktop\AriuFitness-copia-A\uploads\videos\ex_alzata_gamba\PM_111-Camera17-30fps.mp4,PM_111-Camera17-30fps,PM_111,6,PM_111-Camera17-30fps__rep_006,PM_111-Camera17-30fps__rep_006,-5,2915,3021,"2915,2930,2945,2960,2976,2991,3006,3021",0.7857142857142857,accepted,rotation,-10.0
1,C:\Users\Utente\Desktop\AriuFitness-copia-A\uploads\videos\ex_alzata_gamba\PM_111-Camera17-30fps.mp4,PM_111-Camera17-30fps,PM_111,6,PM_111-Camera17-30fps__rep_006,PM_111-Camera17-30fps__rep_006,-5,2915,3021,"2915,2930,2945,2960,2976,2991,3006,3021",0.7857142857142857,accepted,rotation,10.0
1,C:\Users\Utente\Desktop\AriuFitness-copia-A\uploads\videos\ex_alzata_gamba\PM_111-Camera17-30fps.mp4,PM_111-Camera17-30fps,PM_111,6,PM_111-Camera17-30fps__rep_006,PM_111-Camera17-30fps__rep_006,-4,2916,3022,"2916,2931,2946,2961,2977,2992,3007,3022",0.7857142857142857,accepted,original,0.0
1,C:\Users\Utente\Desktop\AriuFitness-copia-A\uploads\videos\ex_alzata_gamba\PM_111-Camera17-30fps.mp4,PM_111-Camera17-30fps,PM_111,6,PM_111-Camera17-30fps__rep_006,PM_111-Camera17-30fps__rep_006,-4,2916,3022,"2916,2931,2946,2961,2977,2992,3007,3022",0.7857142857142857,accepted,rotation,-10.0
1,C:\Users\Utente\Desktop\AriuFitness-copia-A\uploads\videos\ex_alzata_gamba\PM_111-Camera17-30fps.mp4,PM_111-Camera17-30fps,PM_111,6,PM_111-Camera17-30fps__rep_006,PM_111-Camera17-30fps__rep_006,-4,2916,3022,"2916,2931,2946,2961,2977,2992,3007,3022",0.7857142857142857,accepted,rotation,10.0
1,C:\Users\Utente\Desktop\AriuFitness-copia-A\uploads\videos\ex_alzata_gamba\PM_111-Camera17-30fps.mp4,PM_111-Camera17-30fps,PM_111,6,PM_111-Camera17-30fps__rep_006,PM_111-Camera17-30fps__rep_006,-3,2917,3023,"2917,2932,2947,2962,2978,2993,3008,3023",0.7857142857142857,accepted,original,0.0
1,C:\Users\Utente\Desktop\AriuFitness-copia-A\uploads\videos\ex_alzata_gamba\PM_111-Camera17-30fps.mp4,PM_111-Camera17-30fps,PM_111,6,PM_111-Camera17-30fps__rep_006,PM_111-Camera17-30fps__rep_006,-3,2917,3023,"2917,2932,2947,2962,2978,2993,3008,3023",0.7857142857142857,accepted,rotation,-10.0
1,C:\Users\Utente\Desktop\AriuFitness-copia-A\uploads\videos\ex_alzata_gamba\PM_111-Camera17-30fps.mp4,PM_111-Camera17-30fps,PM_111,6,PM_111-Camera17-30fps__rep_006,PM_111-Camera17-30fps__rep_006,-3,2917,3023,"2917,2932,2947,2962,2978,2993,3008,3023",0.7857142857142857,accepted,rotation,10.0
1,C:\Users\Utente\Desktop\AriuFitness-copia-A\uploads\videos\ex_alzata_gamba\PM_111-Camera17-30fps.mp4,PM_111-Camera17-30fps,PM_111,6,PM_111-Camera17-30fps__rep_006,PM_111-Camera17-30fps__rep_006,-2,2918,3024,"2918,2933,2948,2963,2979,2994,3009,3024",0.7857142857142857,accepted,original,0.0
1,C:\Users\Utente\Desktop\AriuFitness-copia-A\uploads\videos\ex_alzata_gamba\PM_111-Camera17-30fps.mp4,PM_111-Camera17-30fps,PM_111,6,PM_111-Camera17-30fps__rep_006,PM_111-Camera17-30fps__rep_006,-2,2918,3024,"2918,2933,2948,2963,2979,2994,3009,3024",0.7857142857142857,accepted,rotation,-10.0
1,C:\Users\Utente\Desktop\AriuFitness-copia-A\uploads\videos\ex_alzata_gamba\PM_111-Camera17-30fps.mp4,PM_111-Camera17-30fps,PM_111,6,PM_111-Camera17-30fps__rep_006,PM_111-Camera17-30fps__rep_006,-2,2918,3024,"2918,2933,2948,2963,2979,2994,3009,3024",0.7857142857142857,accepted,rotation,10.0
1,C:\Users\Utente\Desktop\AriuFitness-copia-A\uploads\videos\ex_alzata_gamba\PM_111-Camera17-30fps.mp4,PM_111-Camera17-30fps,PM_111,6,PM_111-Camera17-30fps__rep_006,PM_111-Camera17-30fps__rep_006,-1,2919,3025,"2919,2934,2949,2964,2980,2995,3010,3025",0.7857142857142857,accepted,original,0.0
1,C:\Users\Utente\Desktop\AriuFitness-copia-A\uploads\videos\ex_alzata_gamba\PM_111-Camera17-30fps.mp4,PM_111-Camera17-30fps,PM_111,6,PM_111-Camera17-30fps__rep_006,PM_111-Camera17-30fps__rep_006,-1,2919,3025,"2919,2934,2949,2964,2980,2995,3010,3025",0.7857142857142857,accepted,rotation,-10.0
1,C:\Users\Utente\Desktop\AriuFitness-copia-A\uploads\videos\ex_alzata_gamba\PM_111-Camera17-30fps.mp4,PM_111-Camera17-30fps,PM_111,6,PM_111-Camera17-30fps__rep_006,PM_111-Camera17-30fps__rep_006,-1,2919,3025,"2919,2934,2949,2964,2980,2995,3010,3025",0.7857142857142857,accepted,rotation,10.0
1,C:\Users\Utente\Desktop\AriuFitness-copia-A\uploads\videos\ex_alzata_gamba\PM_111-Camera17-30fps.mp4,PM_111-Camera17-30fps,PM_111,6,PM_111-Camera17-30fps__rep_006,PM_111-Camera17-30fps__rep_006,0,2920,3026,"2920,2935,2950,2965,2981,2996,3011,3026",0.7857142857142857,accepted,original,0.0
1,C:\Users\Utente\Desktop\AriuFitness-copia-A\uploads\videos\ex_alzata_gamba\PM_111-Camera17-30fps.mp4,PM_111-Camera17-30fps,PM_111,6,PM_111-Camera17-30fps__rep_006,PM_111-Camera17-30fps__rep_006,0,2920,3026,"2920,2935,2950,2965,2981,2996,3011,3026",0.7857142857142857,accepted,rotation,-10.0
1,C:\Users\Utente\Desktop\AriuFitness-copia-A\uploads\videos\ex_alzata_gamba\PM_111-Camera17-30fps.mp4,PM_111-Camera17-30fps,PM_111,6,PM_111-Camera17-30fps__rep_006,PM_111-Camera17-30fps__rep_006,0,2920,3026,"2920,2935,2950,2965,2981,2996,3011,3026",0.7857142857142857,accepted,rotation,10.0
1,C:\Users\Utente\Desktop\AriuFitness-copia-A\uploads\videos\ex_alzata_gamba\PM_111-Camera17-30fps.mp4,PM_111-Camera17-30fps,PM_111,6,PM_111-Camera17-30fps__rep_006,PM_111-Camera17-30fps__rep_006,1,2921,3027,"2921,2936,2951,2966,2982,2997,3012,3027",0.7857142857142857,accepted,original,0.0
1,C:\Users\Utente\Desktop\AriuFitness-copia-A\uploads\videos\ex_alzata_gamba\PM_111-Camera17-30fps.mp4,PM_111-Camera17-30fps,PM_111,6,PM_111-Camera17-30fps__rep_006,PM_111-Camera17-30fps__rep_006,1,2921,3027,"2921,2936,2951,2966,2982,2997,3012,3027",0.7857142857142857,accepted,rotation,-10.0
1,C:\Users\Utente\Desktop\AriuFitness-copia-A\uploads\videos\ex_alzata_gamba\PM_111-Camera17-30fps.mp4,PM_111-Camera17-30fps,PM_111,6,PM_111-Camera17-30fps__rep_006,PM_111-Camera17-30fps__rep_006,1,2921,3027,"2921,2936,2951,2966,2982,2997,3012,3027",0.7857142857142857,accepted,rotation,10.0
1,C:\Users\Utente\Desktop\AriuFitness-copia-A\uploads\videos\ex_alzata_gamba\PM_111-Camera17-30fps.mp4,PM_111-Camera17-30fps,PM_111,6,PM_111-Camera17-30fps__rep_006,PM_111-Camera17-30fps__rep_006,2,2922,3028,"2922,2937,2952,2967,2983,2998,3013,3028",0.7857142857142857,accepted,original,0.0
1,C:\Users\Utente\Desktop\AriuFitness-copia-A\uploads\videos\ex_alzata_gamba\PM_111-Camera17-30fps.mp4,PM_111-Camera17-30fps,PM_111,6,PM_111-Camera17-30fps__rep_006,PM_111-Camera17-30fps__rep_006,2,2922,3028,"2922,2937,2952,2967,2983,2998,3013,3028",0.7857142857142857,accepted,rotation,-10.0
1,C:\Users\Utente\Desktop\AriuFitness-copia-A\uploads\videos\ex_alzata_gamba\PM_111-Camera17-30fps.mp4,PM_111-Camera17-30fps,PM_111,6,PM_111-Camera17-30fps__rep_006,PM_111-Camera17-30fps__rep_006,2,2922,3028,"2922,2937,2952,2967,2983,2998,3013,3028",0.7857142857142857,accepted,rotation,10.0
1,C:\Users\Utente\Desktop\AriuFitness-copia-A\uploads\videos\ex_alzata_gamba\PM_111-Camera17-30fps.mp4,PM_111-Camera17-30fps,PM_111,6,PM_111-Camera17-30fps__rep_006,PM_111-Camera17-30fps__rep_006,3,2923,3029,"2923,2938,2953,2968,2984,2999,3014,3029",0.7857142857142857,accepted,original,0.0
1,C:\Users\Utente\Desktop\AriuFitness-copia-A\uploads\videos\ex_alzata_gamba\PM_111-Camera17-30fps.mp4,PM_111-Camera17-30fps,PM_111,6,PM_111-Camera17-30fps__rep_006,PM_111-Camera17-30fps__rep_006,3,2923,3029,"2923,2938,2953,2968,2984,2999,3014,3029",0.7857142857142857,accepted,rotation,-10.0
1,C:\Users\Utente\Desktop\AriuFitness-copia-A\uploads\videos\ex_alzata_gamba\PM_111-Camera17-30fps.mp4,PM_111-Camera17-30fps,PM_111,6,PM_111-Camera17-30fps__rep_006,PM_111-Camera17-30fps__rep_006,3,2923,3029,"2923,2938,2953,2968,2984,2999,3014,3029",0.7857142857142857,accepted,rotation,10.0
1,C:\Users\Utente\Desktop\AriuFitness-copia-A\uploads\videos\ex_alzata_gamba\PM_111-Camera17-30fps.mp4,PM_111-Camera17-30fps,PM_111,6,PM_111-Camera17-30fps__rep_006,PM_111-Camera17-30fps__rep_006,4,2924,3030,"2924,2939,2954,2969,2985,3000,3015,3030",0.7857142857142857,accepted,original,0.0
1,C:\Users\Utente\Desktop\AriuFitness-copia-A\uploads\videos\ex_alzata_gamba\PM_111-Camera17-30fps.mp4,PM_111-Camera17-30fps,PM_111,6,PM_111-Camera17-30fps__rep_006,PM_111-Camera17-30fps__rep_006,4,2924,3030,"2924,2939,2954,2969,2985,3000,3015,3030",0.7857142857142857,accepted,rotation,-10.0
1,C:\Users\Utente\Desktop\AriuFitness-copia-A\uploads\videos\ex_alzata_gamba\PM_111-Camera17-30fps.mp4,PM_111-Camera17-30fps,PM_111,6,PM_111-Camera17-30fps__rep_006,PM_111-Camera17-30fps__rep_006,4,2924,3030,"2924,2939,2954,2969,2985,3000,3015,3030",0.7857142857142857,accepted,rotation,10.0
1,C:\Users\Utente\Desktop\AriuFitness-copia-A\uploads\videos\ex_alzata_gamba\PM_111-Camera17-30fps.mp4,PM_111-Camera17-30fps,PM_111,6,PM_111-Camera17-30fps__rep_006,PM_111-Camera17-30fps__rep_006,5,2925,3031,"2925,2940,2955,2970,2986,3001,3016,3031",0.7857142857142857,accepted,original,0.0
1,C:\Users\Utente\Desktop\AriuFitness-copia-A\uploads\videos\ex_alzata_gamba\PM_111-Camera17-30fps.mp4,PM_111-Camera17-30fps,PM_111,6,PM_111-Camera17-30fps__rep_006,PM_111-Camera17-30fps__rep_006,5,2925,3031,"2925,2940,2955,2970,2986,3001,3016,3031",0.7857142857142857,accepted,rotation,-10.0
1,C:\Users\Utente\Desktop\AriuFitness-copia-A\uploads\videos\ex_alzata_gamba\PM_111-Camera17-30fps.mp4,PM_111-Camera17-30fps,PM_111,6,PM_111-Camera17-30fps__rep_006,PM_111-Camera17-30fps__rep_006,5,2925,3031,"2925,2940,2955,2970,2986,3001,3016,3031",0.7857142857142857,accepted,rotation,10.0
1,C:\Users\Utente\Desktop\AriuFitness-copia-A\uploads\videos\ex_alzata_gamba\PM_111-Camera17-30fps.mp4,PM_111-Camera17-30fps,PM_111,8,PM_111-Camera17-30fps__rep_008,PM_111-Camera17-30fps__rep_008,-5,3286,3366,"3286,3297,3309,3320,3332,3343,3355,3366",0.8134515117269213,accepted,original,0.0
1,C:\Users\Utente\Desktop\AriuFitness-copia-A\uploads\videos\ex_alzata_gamba\PM_111-Camera17-30fps.mp4,PM_111-Camera17-30fps,PM_111,8,PM_111-Camera17-30fps__rep_008,PM_111-Camera17-30fps__rep_008,-5,3286,3366,"3286,3297,3309,3320,3332,3343,3355,3366",0.8134515117269213,accepted,rotation,-10.0
1,C:\Users\Utente\Desktop\AriuFitness-copia-A\uploads\videos\ex_alzata_gamba\PM_111-Camera17-30fps.mp4,PM_111-Camera17-30fps,PM_111,8,PM_111-Camera17-30fps__rep_008,PM_111-Camera17-30fps__rep_008,-5,3286,3366,"3286,3297,3309,3320,3332,3343,3355,3366",0.8134515117269213,accepted,rotation,10.0
1,C:\Users\Utente\Desktop\AriuFitness-copia-A\uploads\videos\ex_alzata_gamba\PM_111-Camera17-30fps.mp4,PM_111-Camera17-30fps,PM_111,8,PM_111-Camera17-30fps__rep_008,PM_111-Camera17-30fps__rep_008,-4,3287,3367,"3287,3298,3310,3321,3333,3344,3356,3367",0.8134515117269213,accepted,original,0.0
1,C:\Users\Utente\Desktop\AriuFitness-copia-A\uploads\videos\ex_alzata_gamba\PM_111-Camera17-30fps.mp4,PM_111-Camera17-30fps,PM_111,8,PM_111-Camera17-30fps__rep_008,PM_111-Camera17-30fps__rep_008,-4,3287,3367,"3287,3298,3310,3321,3333,3344,3356,3367",0.8134515117269213,accepted,rotation,-10.0
1,C:\Users\Utente\Desktop\AriuFitness-copia-A\uploads\videos\ex_alzata_gamba\PM_111-Camera17-30fps.mp4,PM_111-Camera17-30fps,PM_111,8,PM_111-Camera17-30fps__rep_008,PM_111-Camera17-30fps__rep_008,-4,3287,3367,"3287,3298,3310,3321,3333,3344,3356,3367",0.8134515117269213,accepted,rotation,10.0
1,C:\Users\Utente\Desktop\AriuFitness-copia-A\uploads\videos\ex_alzata_gamba\PM_111-Camera17-30fps.mp4,PM_111-Camera17-30fps,PM_111,8,PM_111-Camera17-30fps__rep_008,PM_111-Camera17-30fps__rep_008,-3,3288,3368,"3288,3299,3311,3322,3334,3345,3357,3368",0.8134515117269213,accepted,original,0.0
1,C:\Users\Utente\Desktop\AriuFitness-copia-A\uploads\videos\ex_alzata_gamba\PM_111-Camera17-30fps.mp4,PM_111-Camera17-30fps,PM_111,8,PM_111-Camera17-30fps__rep_008,PM_111-Camera17-30fps__rep_008,-3,3288,3368,"3288,3299,3311,3322,3334,3345,3357,3368",0.8134515117269213,accepted,rotation,-10.0
1,C:\Users\Utente\Desktop\AriuFitness-copia-A\uploads\videos\ex_alzata_gamba\PM_111-Camera17-30fps.mp4,PM_111-Camera17-30fps,PM_111,8,PM_111-Camera17-30fps__rep_008,PM_111-Camera17-30fps__rep_008,-3,3288,3368,"3288,3299,3311,3322,3334,3345,3357,3368",0.8134515117269213,accepted,rotation,10.0
1,C:\Users\Utente\Desktop\AriuFitness-copia-A\uploads\videos\ex_alzata_gamba\PM_111-Camera17-30fps.mp4,PM_111-Camera17-30fps,PM_111,8,PM_111-Camera17-30fps__rep_008,PM_111-Camera17-30fps__rep_008,-2,3289,3369,"3289,3300,3312,3323,3335,3346,3358,3369",0.8134515117269213,accepted,original,0.0
1,C:\Users\Utente\Desktop\AriuFitness-copia-A\uploads\videos\ex_alzata_gamba\PM_111-Camera17-30fps.mp4,PM_111-Camera17-30fps,PM_111,8,PM_111-Camera17-30fps__rep_008,PM_111-Camera17-30fps__rep_008,-2,3289,3369,"3289,3300,3312,3323,3335,3346,3358,3369",0.8134515117269213,accepted,rotation,-10.0
1,C:\Users\Utente\Desktop\AriuFitness-copia-A\uploads\videos\ex_alzata_gamba\PM_111-Camera17-30fps.mp4,PM_111-Camera17-30fps,PM_111,8,PM_111-Camera17-30fps__rep_008,PM_111-Camera17-30fps__rep_008,-2,3289,3369,"3289,3300,3312,3323,3335,3346,3358,3369",0.8134515117269213,accepted,rotation,10.0
1,C:\Users\Utente\Desktop\AriuFitness-copia-A\uploads\videos\ex_alzata_gamba\PM_111-Camera17-30fps.mp4,PM_111-Camera17-30fps,PM_111,8,PM_111-Camera17-30fps__rep_008,PM_111-Camera17-30fps__rep_008,-1,3290,3370,"3290,3301,3313,3324,3336,3347,3359,3370",0.8134515117269213,accepted,original,0.0
1,C:\Users\Utente\Desktop\AriuFitness-copia-A\uploads\videos\ex_alzata_gamba\PM_111-Camera17-30fps.mp4,PM_111-Camera17-30fps,PM_111,8,PM_111-Camera17-30fps__rep_008,PM_111-Camera17-30fps__rep_008,-1,3290,3370,"3290,3301,3313,3324,3336,3347,3359,3370",0.8134515117269213,accepted,rotation,-10.0
1,C:\Users\Utente\Desktop\AriuFitness-copia-A\uploads\videos\ex_alzata_gamba\PM_111-Camera17-30fps.mp4,PM_111-Camera17-30fps,PM_111,8,PM_111-Camera17-30fps__rep_008,PM_111-Camera17-30fps__rep_008,-1,3290,3370,"3290,3301,3313,3324,3336,3347,3359,3370",0.8134515117269213,accepted,rotation,10.0
1,C:\Users\Utente\Desktop\AriuFitness-copia-A\uploads\videos\ex_alzata_gamba\PM_111-Camera17-30fps.mp4,PM_111-Camera17-30fps,PM_111,8,PM_111-Camera17-30fps__rep_008,PM_111-Camera17-30fps__rep_008,0,3291,3371,"3291,3302,3314,3325,3337,3348,3360,3371",0.8134515117269213,accepted,original,0.0
1,C:\Users\Utente\Desktop\AriuFitness-copia-A\uploads\videos\ex_alzata_gamba\PM_111-Camera17-30fps.mp4,PM_111-Camera17-30fps,PM_111,8,PM_111-Camera17-30fps__rep_008,PM_111-Camera17-30fps__rep_008,0,3291,3371,"3291,3302,3314,3325,3337,3348,3360,3371",0.8134515117269213,accepted,rotation,-10.0
1,C:\Users\Utente\Desktop\AriuFitness-copia-A\uploads\videos\ex_alzata_gamba\PM_111-Camera17-30fps.mp4,PM_111-Camera17-30fps,PM_111,8,PM_111-Camera17-30fps__rep_008,PM_111-Camera17-30fps__rep_008,0,3291,3371,"3291,3302,3314,3325,3337,3348,3360,3371",0.8134515117269213,accepted,rotation,10.0
1,C:\Users\Utente\Desktop\AriuFitness-copia-A\uploads\videos\ex_alzata_gamba\PM_111-Camera17-30fps.mp4,PM_111-Camera17-30fps,PM_111,8,PM_111-Camera17-30fps__rep_008,PM_111-Camera17-30fps__rep_008,1,3292,3372,"3292,3303,3315,3326,3338,3349,3361,3372",0.8134515117269213,accepted,original,0.0
1,C:\Users\Utente\Desktop\AriuFitness-copia-A\uploads\videos\ex_alzata_gamba\PM_111-Camera17-30fps.mp4,PM_111-Camera17-30fps,PM_111,8,PM_111-Camera17-30fps__rep_008,PM_111-Camera17-30fps__rep_008,1,3292,3372,"3292,3303,3315,3326,3338,3349,3361,3372",0.8134515117269213,accepted,rotation,-10.0
1,C:\Users\Utente\Desktop\AriuFitness-copia-A\uploads\videos\ex_alzata_gamba\PM_111-Camera17-30fps.mp4,PM_111-Camera17-30fps,PM_111,8,PM_111-Camera17-30fps__rep_008,PM_111-Camera17-30fps__rep_008,1,3292,3372,"3292,3303,3315,3326,3338,3349,3361,3372",0.8134515117269213,accepted,rotation,10.0
1,C:\Users\Utente\Desktop\AriuFitness-copia-A\uploads\videos\ex_alzata_gamba\PM_111-Camera17-30fps.mp4,PM_111-Camera17-30fps,PM_111,8,PM_111-Camera17-30fps__rep_008,PM_111-Camera17-30fps__rep_008,2,3293,3373,"3293,3304,3316,3327,3339,3350,3362,3373",0.8134515117269213,accepted,original,0.0
1,C:\Users\Utente\Desktop\AriuFitness-copia-A\uploads\videos\ex_alzata_gamba\PM_111-Camera17-30fps.mp4,PM_111-Camera17-30fps,PM_111,8,PM_111-Camera17-30fps__rep_008,PM_111-Camera17-30fps__rep_008,2,3293,3373,"3293,3304,3316,3327,3339,3350,3362,3373",0.8134515117269213,accepted,rotation,-10.0
1,C:\Users\Utente\Desktop\AriuFitness-copia-A\uploads\videos\ex_alzata_gamba\PM_111-Camera17-30fps.mp4,PM_111-Camera17-30fps,PM_111,8,PM_111-Camera17-30fps__rep_008,PM_111-Camera17-30fps__rep_008,2,3293,3373,"3293,3304,3316,3327,3339,3350,3362,3373",0.8134515117269213,accepted,rotation,10.0
1,C:\Users\Utente\Desktop\AriuFitness-copia-A\uploads\videos\ex_alzata_gamba\PM_111-Camera17-30fps.mp4,PM_111-Camera17-30fps,PM_111,8,PM_111-Camera17-30fps__rep_008,PM_111-Camera17-30fps__rep_008,3,3294,3374,"3294,3305,3317,3328,3340,3351,3363,3374",0.8134515117269213,accepted,original,0.0
1,C:\Users\Utente\Desktop\AriuFitness-copia-A\uploads\videos\ex_alzata_gamba\PM_111-Camera17-30fps.mp4,PM_111-Camera17-30fps,PM_111,8,PM_111-Camera17-30fps__rep_008,PM_111-Camera17-30fps__rep_008,3,3294,3374,"3294,3305,3317,3328,3340,3351,3363,3374",0.8134515117269213,accepted,rotation,-10.0
1,C:\Users\Utente\Desktop\AriuFitness-copia-A\uploads\videos\ex_alzata_gamba\PM_111-Camera17-30fps.mp4,PM_111-Camera17-30fps,PM_111,8,PM_111-Camera17-30fps__rep_008,PM_111-Camera17-30fps__rep_008,3,3294,3374,"3294,3305,3317,3328,3340,3351,3363,3374",0.8134515117269213,accepted,rotation,10.0
1,C:\Users\Utente\Desktop\AriuFitness-copia-A\uploads\videos\ex_alzata_gamba\PM_111-Camera17-30fps.mp4,PM_111-Camera17-30fps,PM_111,8,PM_111-Camera17-30fps__rep_008,PM_111-Camera17-30fps__rep_008,4,3295,3375,"3295,3306,3318,3329,3341,3352,3364,3375",0.8134515117269213,accepted,original,0.0
1,C:\Users\Utente\Desktop\AriuFitness-copia-A\uploads\videos\ex_alzata_gamba\PM_111-Camera17-30fps.mp4,PM_111-Camera17-30fps,PM_111,8,PM_111-Camera17-30fps__rep_008,PM_111-Camera17-30fps__rep_008,4,3295,3375,"3295,3306,3318,3329,3341,3352,3364,3375",0.8134515117269213,accepted,rotation,-10.0
1,C:\Users\Utente\Desktop\AriuFitness-copia-A\uploads\videos\ex_alzata_gamba\PM_111-Camera17-30fps.mp4,PM_111-Camera17-30fps,PM_111,8,PM_111-Camera17-30fps__rep_008,PM_111-Camera17-30fps__rep_008,4,3295,3375,"3295,3306,3318,3329,3341,3352,3364,3375",0.8134515117269213,accepted,rotation,10.0
1,C:\Users\Utente\Desktop\AriuFitness-copia-A\uploads\videos\ex_alzata_gamba\PM_111-Camera17-30fps.mp4,PM_111-Camera17-30fps,PM_111,8,PM_111-Camera17-30fps__rep_008,PM_111-Camera17-30fps__rep_008,5,3296,3376,"3296,3307,3319,3330,3342,3353,3365,3376",0.8134515117269213,accepted,original,0.0
1,C:\Users\Utente\Desktop\AriuFitness-copia-A\uploads\videos\ex_alzata_gamba\PM_111-Camera17-30fps.mp4,PM_111-Camera17-30fps,PM_111,8,PM_111-Camera17-30fps__rep_008,PM_111-Camera17-30fps__rep_008,5,3296,3376,"3296,3307,3319,3330,3342,3353,3365,3376",0.8134515117269213,accepted,rotation,-10.0
1,C:\Users\Utente\Desktop\AriuFitness-copia-A\uploads\videos\ex_alzata_gamba\PM_111-Camera17-30fps.mp4,PM_111-Camera17-30fps,PM_111,8,PM_111-Camera17-30fps__rep_008,PM_111-Camera17-30fps__rep_008,5,3296,3376,"3296,3307,3319,3330,3342,3353,3365,3376",0.8134515117269213,accepted,rotation,10.0
1,C:\Users\Utente\Desktop\AriuFitness-copia-A\uploads\videos\ex_alzata_gamba\PM_111-Camera17-30fps.mp4,PM_111-Camera17-30fps,PM_111,9,PM_111-Camera17-30fps__rep_009,PM_111-Camera17-30fps__rep_009,-5,3366,3492,"3366,3384,3402,3420,3438,3456,3474,3492",0.7626640596586405,accepted,original,0.0
1,C:\Users\Utente\Desktop\AriuFitness-copia-A\uploads\videos\ex_alzata_gamba\PM_111-Camera17-30fps.mp4,PM_111-Camera17-30fps,PM_111,9,PM_111-Camera17-30fps__rep_009,PM_111-Camera17-30fps__rep_009,-5,3366,3492,"3366,3384,3402,3420,3438,3456,3474,3492",0.7626640596586405,accepted,rotation,-10.0
1,C:\Users\Utente\Desktop\AriuFitness-copia-A\uploads\videos\ex_alzata_gamba\PM_111-Camera17-30fps.mp4,PM_111-Camera17-30fps,PM_111,9,PM_111-Camera17-30fps__rep_009,PM_111-Camera17-30fps__rep_009,-5,3366,3492,"3366,3384,3402,3420,3438,3456,3474,3492",0.7626640596586405,accepted,rotation,10.0
1,C:\Users\Utente\Desktop\AriuFitness-copia-A\uploads\videos\ex_alzata_gamba\PM_111-Camera17-30fps.mp4,PM_111-Camera17-30fps,PM_111,9,PM_111-Camera17-30fps__rep_009,PM_111-Camera17-30fps__rep_009,-4,3367,3493,"3367,3385,3403,3421,3439,3457,3475,3493",0.7626640596586405,accepted,original,0.0
1,C:\Users\Utente\Desktop\AriuFitness-copia-A\uploads\videos\ex_alzata_gamba\PM_111-Camera17-30fps.mp4,PM_111-Camera17-30fps,PM_111,9,PM_111-Camera17-30fps__rep_009,PM_111-Camera17-30fps__rep_009,-4,3367,3493,"3367,3385,3403,3421,3439,3457,3475,3493",0.7626640596586405,accepted,rotation,-10.0
1,C:\Users\Utente\Desktop\AriuFitness-copia-A\uploads\videos\ex_alzata_gamba\PM_111-Camera17-30fps.mp4,PM_111-Camera17-30fps,PM_111,9,PM_111-Camera17-30fps__rep_009,PM_111-Camera17-30fps__rep_009,-4,3367,3493,"3367,3385,3403,3421,3439,3457,3475,3493",0.7626640596586405,accepted,rotation,10.0
1,C:\Users\Utente\Desktop\AriuFitness-copia-A\uploads\videos\ex_alzata_gamba\PM_111-Camera17-30fps.mp4,PM_111-Camera17-30fps,PM_111,9,PM_111-Camera17-30fps__rep_009,PM_111-Camera17-30fps__rep_009,-3,3368,3494,"3368,3386,3404,3422,3440,3458,3476,3494",0.7626640596586405,accepted,original,0.0
1,C:\Users\Utente\Desktop\AriuFitness-copia-A\uploads\videos\ex_alzata_gamba\PM_111-Camera17-30fps.mp4,PM_111-Camera17-30fps,PM_111,9,PM_111-Camera17-30fps__rep_009,PM_111-Camera17-30fps__rep_009,-3,3368,3494,"3368,3386,3404,3422,3440,3458,3476,3494",0.7626640596586405,accepted,rotation,-10.0
1,C:\Users\Utente\Desktop\AriuFitness-copia-A\uploads\videos\ex_alzata_gamba\PM_111-Camera17-30fps.mp4,PM_111-Camera17-30fps,PM_111,9,PM_111-Camera17-30fps__rep_009,PM_111-Camera17-30fps__rep_009,-3,3368,3494,"3368,3386,3404,3422,3440,3458,3476,3494",0.7626640596586405,accepted,rotation,10.0
1,C:\Users\Utente\Desktop\AriuFitness-copia-A\uploads\videos\ex_alzata_gamba\PM_111-Camera17-30fps.mp4,PM_111-Camera17-30fps,PM_111,9,PM_111-Camera17-30fps__rep_009,PM_111-Camera17-30fps__rep_009,-2,3369,3495,"3369,3387,3405,3423,3441,3459,3477,3495",0.7626640596586405,accepted,original,0.0
1,C:\Users\Utente\Desktop\AriuFitness-copia-A\uploads\videos\ex_alzata_gamba\PM_111-Camera17-30fps.mp4,PM_111-Camera17-30fps,PM_111,9,PM_111-Camera17-30fps__rep_009,PM_111-Camera17-30fps__rep_009,-2,3369,3495,"3369,3387,3405,3423,3441,3459,3477,3495",0.7626640596586405,accepted,rotation,-10.0
1,C:\Users\Utente\Desktop\AriuFitness-copia-A\uploads\videos\ex_alzata_gamba\PM_111-Camera17-30fps.mp4,PM_111-Camera17-30fps,PM_111,9,PM_111-Camera17-30fps__rep_009,PM_111-Camera17-30fps__rep_009,-2,3369,3495,"3369,3387,3405,3423,3441,3459,3477,3495",0.7626640596586405,accepted,rotation,10.0
1,C:\Users\Utente\Desktop\AriuFitness-copia-A\uploads\videos\ex_alzata_gamba\PM_111-Camera17-30fps.mp4,PM_111-Camera17-30fps,PM_111,9,PM_111-Camera17-30fps__rep_009,PM_111-Camera17-30fps__rep_009,-1,3370,3496,"3370,3388,3406,3424,3442,3460,3478,3496",0.7626640596586405,accepted,original,0.0
1,C:\Users\Utente\Desktop\AriuFitness-copia-A\uploads\videos\ex_alzata_gamba\PM_111-Camera17-30fps.mp4,PM_111-Camera17-30fps,PM_111,9,PM_111-Camera17-30fps__rep_009,PM_111-Camera17-30fps__rep_009,-1,3370,3496,"3370,3388,3406,3424,3442,3460,3478,3496",0.7626640596586405,accepted,rotation,-10.0
1,C:\Users\Utente\Desktop\AriuFitness-copia-A\uploads\videos\ex_alzata_gamba\PM_111-Camera17-30fps.mp4,PM_111-Camera17-30fps,PM_111,9,PM_111-Camera17-30fps__rep_009,PM_111-Camera17-30fps__rep_009,-1,3370,3496,"3370,3388,3406,3424,3442,3460,3478,3496",0.7626640596586405,accepted,rotation,10.0
1,C:\Users\Utente\Desktop\AriuFitness-copia-A\uploads\videos\ex_alzata_gamba\PM_111-Camera17-30fps.mp4,PM_111-Camera17-30fps,PM_111,9,PM_111-Camera17-30fps__rep_009,PM_111-Camera17-30fps__rep_009,0,3371,3497,"3371,3389,3407,3425,3443,3461,3479,3497",0.7626640596586405,accepted,original,0.0
1,C:\Users\Utente\Desktop\AriuFitness-copia-A\uploads\videos\ex_alzata_gamba\PM_111-Camera17-30fps.mp4,PM_111-Camera17-30fps,PM_111,9,PM_111-Camera17-30fps__rep_009,PM_111-Camera17-30fps__rep_009,0,3371,3497,"3371,3389,3407,3425,3443,3461,3479,3497",0.7626640596586405,accepted,rotation,-10.0
1,C:\Users\Utente\Desktop\AriuFitness-copia-A\uploads\videos\ex_alzata_gamba\PM_111-Camera17-30fps.mp4,PM_111-Camera17-30fps,PM_111,9,PM_111-Camera17-30fps__rep_009,PM_111-Camera17-30fps__rep_009,0,3371,3497,"3371,3389,3407,3425,3443,3461,3479,3497",0.7626640596586405,accepted,rotation,10.0
1,C:\Users\Utente\Desktop\AriuFitness-copia-A\uploads\videos\ex_alzata_gamba\PM_111-Camera17-30fps.mp4,PM_111-Camera17-30fps,PM_111,9,PM_111-Camera17-30fps__rep_009,PM_111-Camera17-30fps__rep_009,1,3372,3498,"3372,3390,3408,3426,3444,3462,3480,3498",0.7626640596586405,accepted,original,0.0
1,C:\Users\Utente\Desktop\AriuFitness-copia-A\uploads\videos\ex_alzata_gamba\PM_111-Camera17-30fps.mp4,PM_111-Camera17-30fps,PM_111,9,PM_111-Camera17-30fps__rep_009,PM_111-Camera17-30fps__rep_009,1,3372,3498,"3372,3390,3408,3426,3444,3462,3480,3498",0.7626640596586405,accepted,rotation,-10.0
1,C:\Users\Utente\Desktop\AriuFitness-copia-A\uploads\videos\ex_alzata_gamba\PM_111-Camera17-30fps.mp4,PM_111-Camera17-30fps,PM_111,9,PM_111-Camera17-30fps__rep_009,PM_111-Camera17-30fps__rep_009,1,3372,3498,"3372,3390,3408,3426,3444,3462,3480,3498",0.7626640596586405,accepted,rotation,10.0
1,C:\Users\Utente\Desktop\AriuFitness-copia-A\uploads\videos\ex_alzata_gamba\PM_111-Camera17-30fps.mp4,PM_111-Camera17-30fps,PM_111,9,PM_111-Camera17-30fps__rep_009,PM_111-Camera17-30fps__rep_009,2,3373,3499,"3373,3391,3409,3427,3445,3463,3481,3499",0.7626640596586405,accepted,original,0.0
1,C:\Users\Utente\Desktop\AriuFitness-copia-A\uploads\videos\ex_alzata_gamba\PM_111-Camera17-30fps.mp4,PM_111-Camera17-30fps,PM_111,9,PM_111-Camera17-30fps__rep_009,PM_111-Camera17-30fps__rep_009,2,3373,3499,"3373,3391,3409,3427,3445,3463,3481,3499",0.7626640596586405,accepted,rotation,-10.0
1,C:\Users\Utente\Desktop\AriuFitness-copia-A\uploads\videos\ex_alzata_gamba\PM_111-Camera17-30fps.mp4,PM_111-Camera17-30fps,PM_111,9,PM_111-Camera17-30fps__rep_009,PM_111-Camera17-30fps__rep_009,2,3373,3499,"3373,3391,3409,3427,3445,3463,3481,3499",0.7626640596586405,accepted,rotation,10.0
1,C:\Users\Utente\Desktop\AriuFitness-copia-A\uploads\videos\ex_alzata_gamba\PM_111-Camera17-30fps.mp4,PM_111-Camera17-30fps,PM_111,9,PM_111-Camera17-30fps__rep_009,PM_111-Camera17-30fps__rep_009,3,3374,3500,"3374,3392,3410,3428,3446,3464,3482,3500",0.7626640596586405,accepted,original,0.0
1,C:\Users\Utente\Desktop\AriuFitness-copia-A\uploads\videos\ex_alzata_gamba\PM_111-Camera17-30fps.mp4,PM_111-Camera17-30fps,PM_111,9,PM_111-Camera17-30fps__rep_009,PM_111-Camera17-30fps__rep_009,3,3374,3500,"3374,3392,3410,3428,3446,3464,3482,3500",0.7626640596586405,accepted,rotation,-10.0
1,C:\Users\Utente\Desktop\AriuFitness-copia-A\uploads\videos\ex_alzata_gamba\PM_111-Camera17-30fps.mp4,PM_111-Camera17-30fps,PM_111,9,PM_111-Camera17-30fps__rep_009,PM_111-Camera17-30fps__rep_009,3,3374,3500,"3374,3392,3410,3428,3446,3464,3482,3500",0.7626640596586405,accepted,rotation,10.0
1,C:\Users\Utente\Desktop\AriuFitness-copia-A\uploads\videos\ex_alzata_gamba\PM_111-Camera17-30fps.mp4,PM_111-Camera17-30fps,PM_111,9,PM_111-Camera17-30fps__rep_009,PM_111-Camera17-30fps__rep_009,4,3375,3501,"3375,3393,3411,3429,3447,3465,3483,3501",0.7626640596586405,accepted,original,0.0
1,C:\Users\Utente\Desktop\AriuFitness-copia-A\uploads\videos\ex_alzata_gamba\PM_111-Camera17-30fps.mp4,PM_111-Camera17-30fps,PM_111,9,PM_111-Camera17-30fps__rep_009,PM_111-Camera17-30fps__rep_009,4,3375,3501,"3375,3393,3411,3429,3447,3465,3483,3501",0.7626640596586405,accepted,rotation,-10.0
1,C:\Users\Utente\Desktop\AriuFitness-copia-A\uploads\videos\ex_alzata_gamba\PM_111-Camera17-30fps.mp4,PM_111-Camera17-30fps,PM_111,9,PM_111-Camera17-30fps__rep_009,PM_111-Camera17-30fps__rep_009,4,3375,3501,"3375,3393,3411,3429,3447,3465,3483,3501",0.7626640596586405,accepted,rotation,10.0
1,C:\Users\Utente\Desktop\AriuFitness-copia-A\uploads\videos\ex_alzata_gamba\PM_111-Camera17-30fps.mp4,PM_111-Camera17-30fps,PM_111,9,PM_111-Camera17-30fps__rep_009,PM_111-Camera17-30fps__rep_009,5,3376,3502,"3376,3394,3412,3430,3448,3466,3484,3502",0.7626640596586405,accepted,original,0.0
1,C:\Users\Utente\Desktop\AriuFitness-copia-A\uploads\videos\ex_alzata_gamba\PM_111-Camera17-30fps.mp4,PM_111-Camera17-30fps,PM_111,9,PM_111-Camera17-30fps__rep_009,PM_111-Camera17-30fps__rep_009,5,3376,3502,"3376,3394,3412,3430,3448,3466,3484,3502",0.7626640596586405,accepted,rotation,-10.0
1,C:\Users\Utente\Desktop\AriuFitness-copia-A\uploads\videos\ex_alzata_gamba\PM_111-Camera17-30fps.mp4,PM_111-Camera17-30fps,PM_111,9,PM_111-Camera17-30fps__rep_009,PM_111-Camera17-30fps__rep_009,5,3376,3502,"3376,3394,3412,3430,3448,3466,3484,3502",0.7626640596586405,accepted,rotation,10.0
