exercise_label,source_video,source_video_id,subject_id,rep,rep_uid,split_group,shift,start_frame,end_frame,sampled_frames,segmentation_confidence,review_status
1,C:\Users\Utente\Desktop\AriuFitness-copia-A\uploads\videos\ex_francesopio\PM_110-Camera17-30fps.mp4,PM_110-Camera17-30fps,PM_110,1,PM_110-Camera17-30fps__rep_001,PM_110-Camera17-30fps__rep_001,-5,484,713,"484,517,549,582,615,648,680,713",0.8313921057719189,accepted
1,C:\Users\Utente\Desktop\AriuFitness-copia-A\uploads\videos\ex_francesopio\PM_110-Camera17-30fps.mp4,PM_110-Camera17-30fps,PM_110,1,PM_110-Camera17-30fps__rep_001,PM_110-Camera17-30fps__rep_001,-4,485,714,"485,518,550,583,616,649,681,714",0.8313921057719189,accepted
1,C:\Users\Utente\Desktop\AriuFitness-copia-A\uploads\videos\ex_francesopio\PM_110-Camera17-30fps.mp4,PM_110-Camera17-30fps,PM_110,1,PM_110-Camera17-30fps__rep_001,PM_110-Camera17-30fps__rep_001,-3,486,715,"486,519,551,584,617,650,682,715",0.8313921057719189,accepted
1,C:\Users\Utente\Desktop\AriuFitness-copia-A\uploads\videos\ex_francesopio\PM_110-Camera17-30fps.mp4,PM_110-Camera17-30fps,PM_110,1,PM_110-Camera17-30fps__rep_001,PM_110-Camera17-30fps__rep_001,-2,487,716,"487,520,552,585,618,651,683,716",0.8313921057719189,accepted
1,C:\Users\Utente\Desktop\AriuFitness-copia-A\uploads\videos\ex_francesopio\PM_110-Camera17-30fps.mp4,PM_110-Camera17-30fps,PM_110,1,PM_110-Camera17-30fps__rep_001,PM_110-Camera17-30fps__rep_001,-1,488,717,"488,521,553,586,619,652,684,717",0.8313921057719189,accepted
1,C:\Users\Utente\Desktop\AriuFitness-copia-A\uploads\videos\ex_francesopio\PM_110-Camera17-30fps.mp4,PM_110-Camera17-30fps,PM_110,1,PM_110-Camera17-30fps__rep_001,PM_110-Camera17-30fps__rep_001,0,489,718,"489,522,554,587,620,653,685,718",0.8313921057719189,accepted
1,C:\Users\Utente\Desktop\AriuFitness-copia-A\uploads\videos\ex_francesopio\PM_110-Camera17-30fps.mp4,PM_110-Camera17-30fps,PM_110,1,PM_110-Camera17-30fps__rep_001,PM_110-Camera17-30fps__rep_001,1,490,719,"490,523,555,588,621,654,686,719",0.8313921057719189,accepted
1,C:\Users\Utente\Desktop\AriuFitness-copia-A\uploads\videos\ex_francesopio\PM_110-Camera17-30fps.mp4,PM_110-Camera17-30fps,PM_110,1,PM_110-Camera17-30fps__rep_001,PM_110-Camera17-30fps__rep_001,2,491,720,"491,524,556,589,622,655,687,720",0.8313921057719189,accepted
1,C:\Users\Utente\Desktop\AriuFitness-copia-A\uploads\videos\ex_francesopio\PM_110-Camera17-30fps.mp4,PM_110-Camera17-30fps,PM_110,1,PM_110-Camera17-30fps__rep_001,PM_110-Camera17-30fps__rep_001,3,492,721,"492,525,557,590,623,656,688,721",0.8313921057719189,accepted
1,C:\Users\Utente\Desktop\AriuFitness-copia-A\uploads\videos\ex_francesopio\PM_110-Camera17-30fps.mp4,PM_110-Camera17-30fps,PM_110,1,PM_110-Camera17-30fps__rep_001,PM_110-Camera17-30fps__rep_001,4,493,722,"493,526,558,591,624,657,689,722",0.8313921057719189,accepted
1,C:\Users\Utente\Desktop\AriuFitness-copia-A\uploads\videos\ex_francesopio\PM_110-Camera17-30fps.mp4,PM_110-Camera17-30fps,PM_110,1,PM_110-Camera17-30fps__rep_001,PM_110-Camera17-30fps__rep_001,5,494,723,"494,527,559,592,625,658,690,723",0.8313921057719189,accepted
1,C:\Users\Utente\Desktop\AriuFitness-copia-A\uploads\videos\ex_francesopio\PM_110-Camera17-30fps.mp4,PM_110-Camera17-30fps,PM_110,3,PM_110-Camera17-30fps__rep_003,PM_110-Camera17-30fps__rep_003,-5,933,1262,"933,980,1027,1074,1121,1168,1215,1262",0.8543934453828499,accepted
1,C:\Users\Utente\Desktop\AriuFitness-copia-A\uploads\videos\ex_francesopio\PM_110-Camera17-30fps.mp4,PM_110-Camera17-30fps,PM_110,3,PM_110-Camera17-30fps__rep_003,PM_110-Camera17-30fps__rep_003,-4,934,1263,"934,981,1028,1075,1122,1169,1216,1263",0.8543934453828499,accepted
1,C:\Users\Utente\Desktop\AriuFitness-copia-A\uploads\videos\ex_francesopio\PM_110-Camera17-30fps.mp4,PM_110-Camera17-30fps,PM_110,3,PM_110-Camera17-30fps__rep_003,PM_110-Camera17-30fps__rep_003,-3,935,1264,"935,982,1029,1076,1123,1170,1217,1264",0.8543934453828499,accepted
1,C:\Users\Utente\Desktop\AriuFitness-copia-A\uploads\videos\ex_francesopio\PM_110-Camera17-30fps.mp4,PM_110-Camera17-30fps,PM_110,3,PM_110-Camera17-30fps__rep_003,PM_110-Camera17-30fps__rep_003,-2,936,1265,"936,983,1030,1077,1124,1171,1218,1265",0.8543934453828499,accepted
1,C:\Users\Utente\Desktop\AriuFitness-copia-A\uploads\videos\ex_francesopio\PM_110-Camera17-30fps.mp4,PM_110-Camera17-30fps,PM_110,3,PM_110-Camera17-30fps__rep_003,PM_110-Camera17-30fps__rep_003,-1,937,1266,"937,984,1031,1078,1125,1172,1219,1266",0.8543934453828499,accepted
1,C:\Users\Utente\Desktop\AriuFitness-copia-A\uploads\videos\ex_francesopio\PM_110-Camera17-30fps.mp4,PM_110-Camera17-30fps,PM_110,3,PM_110-Camera17-30fps__rep_003,PM_110-Camera17-30fps__rep_003,0,938,1267,"938,985,1032,1079,1126,1173,1220,1267",0.8543934453828499,accepted
1,C:\Users\Utente\Desktop\AriuFitness-copia-A\uploads\videos\ex_francesopio\PM_110-Camera17-30fps.mp4,PM_110-Camera17-30fps,PM_110,3,PM_110-Camera17-30fps__rep_003,PM_110-Camera17-30fps__rep_003,1,939,1268,"939,986,1033,1080,1127,1174,1221,1268",0.8543934453828499,accepted
1,C:\Users\Utente\Desktop\AriuFitness-copia-A\uploads\videos\ex_francesopio\PM_110-Camera17-30fps.mp4,PM_110-Camera17-30fps,PM_110,3,PM_110-Camera17-30fps__rep_003,PM_110-Camera17-30fps__rep_003,2,940,1269,"940,987,1034,1081,1128,1175,1222,1269",0.8543934453828499,accepted
1,C:\Users\Utente\Desktop\AriuFitness-copia-A\uploads\videos\ex_francesopio\PM_110-Camera17-30fps.mp4,PM_110-Camera17-30fps,PM_110,3,PM_110-Camera17-30fps__rep_003,PM_110-Camera17-30fps__rep_003,3,941,1270,"941,988,1035,1082,1129,1176,1223,1270",0.8543934453828499,accepted
1,C:\Users\Utente\Desktop\AriuFitness-copia-A\uploads\videos\ex_francesopio\PM_110-Camera17-30fps.mp4,PM_110-Camera17-30fps,PM_110,3,PM_110-Camera17-30fps__rep_003,PM_110-Camera17-30fps__rep_003,4,942,1271,"942,989,1036,1083,1130,1177,1224,1271",0.8543934453828499,accepted
1,C:\Users\Utente\Desktop\AriuFitness-copia-A\uploads\videos\ex_francesopio\PM_110-Camera17-30fps.mp4,PM_110-Camera17-30fps,PM_110,3,PM_110-Camera17-30fps__rep_003,PM_110-Camera17-30fps__rep_003,5,943,1272,"943,990,1037,1084,1131,1178,1225,1272",0.8543934453828499,accepted
1,C:\Users\Utente\Desktop\AriuFitness-copia-A\uploads\videos\ex_francesopio\PM_110-Camera17-30fps.mp4,PM_110-Camera17-30fps,PM_110,4,PM_110-Camera17-30fps__rep_004,PM_110-Camera17-30fps__rep_004,-5,1397,1712,"1397,1442,1487,1532,1577,1622,1667,1712",0.8638001117653662,accepted
1,C:\Users\Utente\Desktop\AriuFitness-copia-A\uploads\videos\ex_francesopio\PM_110-Camera17-30fps.mp4,PM_110-Camera17-30fps,PM_110,4,PM_110-Camera17-30fps__rep_004,PM_110-Camera17-30fps__rep_004,-4,1398,1713,"1398,1443,1488,1533,1578,1623,1668,1713",0.8638001117653662,accepted
1,C:\Users\Utente\Desktop\AriuFitness-copia-A\uploads\videos\ex_francesopio\PM_110-Camera17-30fps.mp4,PM_110-Camera17-30fps,PM_110,4,PM_110-Camera17-30fps__rep_004,PM_110-Camera17-30fps__rep_004,-3,1399,1714,"1399,1444,1489,1534,1579,1624,1669,1714",0.8638001117653662,accepted
1,C:\Users\Utente\Desktop\AriuFitness-copia-A\uploads\videos\ex_francesopio\PM_110-Camera17-30fps.mp4,PM_110-Camera17-30fps,PM_110,4,PM_110-Camera17-30fps__rep_004,PM_110-Camera17-30fps__rep_004,-2,1400,1715,"1400,1445,1490,1535,1580,1625,1670,1715",0.8638001117653662,accepted
1,C:\Users\Utente\Desktop\AriuFitness-copia-A\uploads\videos\ex_francesopio\PM_110-Camera17-30fps.mp4,PM_110-Camera17-30fps,PM_110,4,PM_110-Camera17-30fps__rep_004,PM_110-Camera17-30fps__rep_004,-1,1401,1716,"1401,1446,1491,1536,1581,1626,1671,1716",0.8638001117653662,accepted
1,C:\Users\Utente\Desktop\AriuFitness-copia-A\uploads\videos\ex_francesopio\PM_110-Camera17-30fps.mp4,PM_110-Camera17-30fps,PM_110,4,PM_110-Camera17-30fps__rep_004,PM_110-Camera17-30fps__rep_004,0,1402,1717,"1402,1447,1492,1537,1582,1627,1672,1717",0.8638001117653662,accepted
1,C:\Users\Utente\Desktop\AriuFitness-copia-A\uploads\videos\ex_francesopio\PM_110-Camera17-30fps.mp4,PM_110-Camera17-30fps,PM_110,4,PM_110-Camera17-30fps__rep_004,PM_110-Camera17-30fps__rep_004,1,1403,1718,"1403,1448,1493,1538,1583,1628,1673,1718",0.8638001117653662,accepted
1,C:\Users\Utente\Desktop\AriuFitness-copia-A\uploads\videos\ex_francesopio\PM_110-Camera17-30fps.mp4,PM_110-Camera17-30fps,PM_110,4,PM_110-Camera17-30fps__rep_004,PM_110-Camera17-30fps__rep_004,2,1404,1719,"1404,1449,1494,1539,1584,1629,1674,1719",0.8638001117653662,accepted
1,C:\Users\Utente\Desktop\AriuFitness-copia-A\uploads\videos\ex_francesopio\PM_110-Camera17-30fps.mp4,PM_110-Camera17-30fps,PM_110,4,PM_110-Camera17-30fps__rep_004,PM_110-Camera17-30fps__rep_004,3,1405,1720,"1405,1450,1495,1540,1585,1630,1675,1720",0.8638001117653662,accepted
1,C:\Users\Utente\Desktop\AriuFitness-copia-A\uploads\videos\ex_francesopio\PM_110-Camera17-30fps.mp4,PM_110-Camera17-30fps,PM_110,4,PM_110-Camera17-30fps__rep_004,PM_110-Camera17-30fps__rep_004,4,1406,1721,"1406,1451,1496,1541,1586,1631,1676,1721",0.8638001117653662,accepted
1,C:\Users\Utente\Desktop\AriuFitness-copia-A\uploads\videos\ex_francesopio\PM_110-Camera17-30fps.mp4,PM_110-Camera17-30fps,PM_110,4,PM_110-Camera17-30fps__rep_004,PM_110-Camera17-30fps__rep_004,5,1407,1722,"1407,1452,1497,1542,1587,1632,1677,1722",0.8638001117653662,accepted
1,C:\Users\Utente\Desktop\AriuFitness-copia-A\uploads\videos\ex_francesopio\PM_110-Camera17-30fps.mp4,PM_110-Camera17-30fps,PM_110,5,PM_110-Camera17-30fps__rep_005,PM_110-Camera17-30fps__rep_005,-5,1712,1950,"1712,1746,1780,1814,1848,1882,1916,1950",0.8638001117653662,accepted
1,C:\Users\Utente\Desktop\AriuFitness-copia-A\uploads\videos\ex_francesopio\PM_110-Camera17-30fps.mp4,PM_110-Camera17-30fps,PM_110,5,PM_110-Camera17-30fps__rep_005,PM_110-Camera17-30fps__rep_005,-4,1713,1951,"1713,1747,1781,1815,1849,1883,1917,1951",0.8638001117653662,accepted
1,C:\Users\Utente\Desktop\AriuFitness-copia-A\uploads\videos\ex_francesopio\PM_110-Camera17-30fps.mp4,PM_110-Camera17-30fps,PM_110,5,PM_110-Camera17-30fps__rep_005,PM_110-Camera17-30fps__rep_005,-3,1714,1952,"1714,1748,1782,1816,1850,1884,1918,1952",0.8638001117653662,accepted
1,C:\Users\Utente\Desktop\AriuFitness-copia-A\uploads\videos\ex_francesopio\PM_110-Camera17-30fps.mp4,PM_110-Camera17-30fps,PM_110,5,PM_110-Camera17-30fps__rep_005,PM_110-Camera17-30fps__rep_005,-2,1715,1953,"1715,1749,1783,1817,1851,1885,1919,1953",0.8638001117653662,accepted
1,C:\Users\Utente\Desktop\AriuFitness-copia-A\uploads\videos\ex_francesopio\PM_110-Camera17-30fps.mp4,PM_110-Camera17-30fps,PM_110,5,PM_110-Camera17-30fps__rep_005,PM_110-Camera17-30fps__rep_005,-1,1716,1954,"1716,1750,1784,1818,1852,1886,1920,1954",0.8638001117653662,accepted
1,C:\Users\Utente\Desktop\AriuFitness-copia-A\uploads\videos\ex_francesopio\PM_110-Camera17-30fps.mp4,PM_110-Camera17-30fps,PM_110,5,PM_110-Camera17-30fps__rep_005,PM_110-Camera17-30fps__rep_005,0,1717,1955,"1717,1751,1785,1819,1853,1887,1921,1955",0.8638001117653662,accepted
1,C:\Users\Utente\Desktop\AriuFitness-copia-A\uploads\videos\ex_francesopio\PM_110-Camera17-30fps.mp4,PM_110-Camera17-30fps,PM_110,5,PM_110-Camera17-30fps__rep_005,PM_110-Camera17-30fps__rep_005,1,1718,1956,"1718,1752,1786,1820,1854,1888,1922,1956",0.8638001117653662,accepted
1,C:\Users\Utente\Desktop\AriuFitness-copia-A\uploads\videos\ex_francesopio\PM_110-Camera17-30fps.mp4,PM_110-Camera17-30fps,PM_110,5,PM_110-Camera17-30fps__rep_005,PM_110-Camera17-30fps__rep_005,2,1719,1957,"1719,1753,1787,1821,1855,1889,1923,1957",0.8638001117653662,accepted
1,C:\Users\Utente\Desktop\AriuFitness-copia-A\uploads\videos\ex_francesopio\PM_110-Camera17-30fps.mp4,PM_110-Camera17-30fps,PM_110,5,PM_110-Camera17-30fps__rep_005,PM_110-Camera17-30fps__rep_005,3,1720,1958,"1720,1754,1788,1822,1856,1890,1924,1958",0.8638001117653662,accepted
1,C:\Users\Utente\Desktop\AriuFitness-copia-A\uploads\videos\ex_francesopio\PM_110-Camera17-30fps.mp4,PM_110-Camera17-30fps,PM_110,5,PM_110-Camera17-30fps__rep_005,PM_110-Camera17-30fps__rep_005,4,1721,1959,"1721,1755,1789,1823,1857,1891,1925,1959",0.8638001117653662,accepted
1,C:\Users\Utente\Desktop\AriuFitness-copia-A\uploads\videos\ex_francesopio\PM_110-Camera17-30fps.mp4,PM_110-Camera17-30fps,PM_110,5,PM_110-Camera17-30fps__rep_005,PM_110-Camera17-30fps__rep_005,5,1722,1960,"1722,1756,1790,1824,1858,1892,1926,1960",0.8638001117653662,accepted
1,C:\Users\Utente\Desktop\AriuFitness-copia-A\uploads\videos\ex_francesopio\PM_110-Camera17-30fps.mp4,PM_110-Camera17-30fps,PM_110,7,PM_110-Camera17-30fps__rep_007,PM_110-Camera17-30fps__rep_007,-5,2361,2844,"2361,2430,2499,2568,2637,2706,2775,2844",0.8340476605493103,accepted
1,C:\Users\Utente\Desktop\AriuFitness-copia-A\uploads\videos\ex_francesopio\PM_110-Camera17-30fps.mp4,PM_110-Camera17-30fps,PM_110,7,PM_110-Camera17-30fps__rep_007,PM_110-Camera17-30fps__rep_007,-4,2362,2845,"2362,2431,2500,2569,2638,2707,2776,2845",0.8340476605493103,accepted
1,C:\Users\Utente\Desktop\AriuFitness-copia-A\uploads\videos\ex_francesopio\PM_110-Camera17-30fps.mp4,PM_110-Camera17-30fps,PM_110,7,PM_110-Camera17-30fps__rep_007,PM_110-Camera17-30fps__rep_007,-3,2363,2846,"2363,2432,2501,2570,2639,2708,2777,2846",0.8340476605493103,accepted
1,C:\Users\Utente\Desktop\AriuFitness-copia-A\uploads\videos\ex_francesopio\PM_110-Camera17-30fps.mp4,PM_110-Camera17-30fps,PM_110,7,PM_110-Camera17-30fps__rep_007,PM_110-Camera17-30fps__rep_007,-2,2364,2847,"2364,2433,2502,2571,2640,2709,2778,2847",0.8340476605493103,accepted
1,C:\Users\Utente\Desktop\AriuFitness-copia-A\uploads\videos\ex_francesopio\PM_110-Camera17-30fps.mp4,PM_110-Camera17-30fps,PM_110,7,PM_110-Camera17-30fps__rep_007,PM_110-Camera17-30fps__rep_007,-1,2365,2848,"2365,2434,2503,2572,2641,2710,2779,2848",0.8340476605493103,accepted
1,C:\Users\Utente\Desktop\AriuFitness-copia-A\uploads\videos\ex_francesopio\PM_110-Camera17-30fps.mp4,PM_110-Camera17-30fps,PM_110,7,PM_110-Camera17-30fps__rep_007,PM_110-Camera17-30fps__rep_007,0,2366,2849,"2366,2435,2504,2573,2642,2711,2780,2849",0.8340476605493103,accepted
1,C:\Users\Utente\Desktop\AriuFitness-copia-A\uploads\videos\ex_francesopio\PM_110-Camera17-30fps.mp4,PM_110-Camera17-30fps,PM_110,7,PM_110-Camera17-30fps__rep_007,PM_110-Camera17-30fps__rep_007,1,2367,2850,"2367,2436,2505,2574,2643,2712,2781,2850",0.8340476605493103,accepted
1,C:\Users\Utente\Desktop\AriuFitness-copia-A\uploads\videos\ex_francesopio\PM_110-Camera17-30fps.mp4,PM_110-Camera17-30fps,PM_110,7,PM_110-Camera17-30fps__rep_007,PM_110-Camera17-30fps__rep_007,2,2368,2851,"2368,2437,2506,2575,2644,2713,2782,2851",0.8340476605493103,accepted
1,C:\Users\Utente\Desktop\AriuFitness-copia-A\uploads\videos\ex_francesopio\PM_110-Camera17-30fps.mp4,PM_110-Camera17-30fps,PM_110,7,PM_110-Camera17-30fps__rep_007,PM_110-Camera17-30fps__rep_007,3,2369,2852,"2369,2438,2507,2576,2645,2714,2783,2852",0.8340476605493103,accepted
1,C:\Users\Utente\Desktop\AriuFitness-copia-A\uploads\videos\ex_francesopio\PM_110-Camera17-30fps.mp4,PM_110-Camera17-30fps,PM_110,7,PM_110-Camera17-30fps__rep_007,PM_110-Camera17-30fps__rep_007,4,2370,2853,"2370,2439,2508,2577,2646,2715,2784,2853",0.8340476605493103,accepted
1,C:\Users\Utente\Desktop\AriuFitness-copia-A\uploads\videos\ex_francesopio\PM_110-Camera17-30fps.mp4,PM_110-Camera17-30fps,PM_110,7,PM_110-Camera17-30fps__rep_007,PM_110-Camera17-30fps__rep_007,5,2371,2854,"2371,2440,2509,2578,2647,2716,2785,2854",0.8340476605493103,accepted
1,C:\Users\Utente\Desktop\AriuFitness-copia-A\uploads\videos\ex_francesopio\PM_110-Camera17-30fps.mp4,PM_110-Camera17-30fps,PM_110,8,PM_110-Camera17-30fps__rep_008,PM_110-Camera17-30fps__rep_008,-5,2844,3001,"2844,2866,2889,2911,2934,2956,2979,3001",0.8597461150739987,accepted
1,C:\Users\Utente\Desktop\AriuFitness-copia-A\uploads\videos\ex_francesopio\PM_110-Camera17-30fps.mp4,PM_110-Camera17-30fps,PM_110,8,PM_110-Camera17-30fps__rep_008,PM_110-Camera17-30fps__rep_008,-4,2845,3002,"2845,2867,2890,2912,2935,2957,2980,3002",0.8597461150739987,accepted
1,C:\Users\Utente\Desktop\AriuFitness-copia-A\uploads\videos\ex_francesopio\PM_110-Camera17-30fps.mp4,PM_110-Camera17-30fps,PM_110,8,PM_110-Camera17-30fps__rep_008,PM_110-Camera17-30fps__rep_008,-3,2846,3003,"2846,2868,2891,2913,2936,2958,2981,3003",0.8597461150739987,accepted
1,C:\Users\Utente\Desktop\AriuFitness-copia-A\uploads\videos\ex_francesopio\PM_110-Camera17-30fps.mp4,PM_110-Camera17-30fps,PM_110,8,PM_110-Camera17-30fps__rep_008,PM_110-Camera17-30fps__rep_008,-2,2847,3004,"2847,2869,2892,2914,2937,2959,2982,3004",0.8597461150739987,accepted
1,C:\Users\Utente\Desktop\AriuFitness-copia-A\uploads\videos\ex_francesopio\PM_110-Camera17-30fps.mp4,PM_110-Camera17-30fps,PM_110,8,PM_110-Camera17-30fps__rep_008,PM_110-Camera17-30fps__rep_008,-1,2848,3005,"2848,2870,2893,2915,2938,2960,2983,3005",0.8597461150739987,accepted
1,C:\Users\Utente\Desktop\AriuFitness-copia-A\uploads\videos\ex_francesopio\PM_110-Camera17-30fps.mp4,PM_110-Camera17-30fps,PM_110,8,PM_110-Camera17-30fps__rep_008,PM_110-Camera17-30fps__rep_008,0,2849,3006,"2849,2871,2894,2916,2939,2961,2984,3006",0.8597461150739987,accepted
1,C:\Users\Utente\Desktop\AriuFitness-copia-A\uploads\videos\ex_francesopio\PM_110-Camera17-30fps.mp4,PM_110-Camera17-30fps,PM_110,8,PM_110-Camera17-30fps__rep_008,PM_110-Camera17-30fps__rep_008,1,2850,3007,"2850,2872,2895,2917,2940,2962,2985,3007",0.8597461150739987,accepted
1,C:\Users\Utente\Desktop\AriuFitness-copia-A\uploads\videos\ex_francesopio\PM_110-Camera17-30fps.mp4,PM_110-Camera17-30fps,PM_110,8,PM_110-Camera17-30fps__rep_008,PM_110-Camera17-30fps__rep_008,2,2851,3008,"2851,2873,2896,2918,2941,2963,2986,3008",0.8597461150739987,accepted
1,C:\Users\Utente\Desktop\AriuFitness-copia-A\uploads\videos\ex_francesopio\PM_110-Camera17-30fps.mp4,PM_110-Camera17-30fps,PM_110,8,PM_110-Camera17-30fps__rep_008,PM_110-Camera17-30fps__rep_008,3,2852,3009,"2852,2874,2897,2919,2942,2964,2987,3009",0.8597461150739987,accepted
1,C:\Users\Utente\Desktop\AriuFitness-copia-A\uploads\videos\ex_francesopio\PM_110-Camera17-30fps.mp4,PM_110-Camera17-30fps,PM_110,8,PM_110-Camera17-30fps__rep_008,PM_110-Camera17-30fps__rep_008,4,2853,3010,"2853,2875,2898,2920,2943,2965,2988,3010",0.8597461150739987,accepted
1,C:\Users\Utente\Desktop\AriuFitness-copia-A\uploads\videos\ex_francesopio\PM_110-Camera17-30fps.mp4,PM_110-Camera17-30fps,PM_110,8,PM_110-Camera17-30fps__rep_008,PM_110-Camera17-30fps__rep_008,5,2854,3011,"2854,2876,2899,2921,2944,2966,2989,3011",0.8597461150739987,accepted
1,C:\Users\Utente\Desktop\AriuFitness-copia-A\uploads\videos\ex_francesopio\PM_110-Camera17-30fps.mp4,PM_110-Camera17-30fps,PM_110,9,PM_110-Camera17-30fps__rep_009,PM_110-Camera17-30fps__rep_009,-5,3001,3168,"3001,3025,3049,3073,3096,3120,3144,3168",0.8875833146631371,accepted
1,C:\Users\Utente\Desktop\AriuFitness-copia-A\uploads\videos\ex_francesopio\PM_110-Camera17-30fps.mp4,PM_110-Camera17-30fps,PM_110,9,PM_110-Camera17-30fps__rep_009,PM_110-Camera17-30fps__rep_009,-4,3002,3169,"3002,3026,3050,3074,3097,3121,3145,3169",0.8875833146631371,accepted
1,C:\Users\Utente\Desktop\AriuFitness-copia-A\uploads\videos\ex_francesopio\PM_110-Camera17-30fps.mp4,PM_110-Camera17-30fps,PM_110,9,PM_110-Camera17-30fps__rep_009,PM_110-Camera17-30fps__rep_009,-3,3003,3170,"3003,3027,3051,3075,3098,3122,3146,3170",0.8875833146631371,accepted
1,C:\Users\Utente\Desktop\AriuFitness-copia-A\uploads\videos\ex_francesopio\PM_110-Camera17-30fps.mp4,PM_110-Camera17-30fps,PM_110,9,PM_110-Camera17-30fps__rep_009,PM_110-Camera17-30fps__rep_009,-2,3004,3171,"3004,3028,3052,3076,3099,3123,3147,3171",0.8875833146631371,accepted
1,C:\Users\Utente\Desktop\AriuFitness-copia-A\uploads\videos\ex_francesopio\PM_110-Camera17-30fps.mp4,PM_110-Camera17-30fps,PM_110,9,PM_110-Camera17-30fps__rep_009,PM_110-Camera17-30fps__rep_009,-1,3005,3172,"3005,3029,3053,3077,3100,3124,3148,3172",0.8875833146631371,accepted
1,C:\Users\Utente\Desktop\AriuFitness-copia-A\uploads\videos\ex_francesopio\PM_110-Camera17-30fps.mp4,PM_110-Camera17-30fps,PM_110,9,PM_110-Camera17-30fps__rep_009,PM_110-Camera17-30fps__rep_009,0,3006,3173,"3006,3030,3054,3078,3101,3125,3149,3173",0.8875833146631371,accepted
1,C:\Users\Utente\Desktop\AriuFitness-copia-A\uploads\videos\ex_francesopio\PM_110-Camera17-30fps.mp4,PM_110-Camera17-30fps,PM_110,9,PM_110-Camera17-30fps__rep_009,PM_110-Camera17-30fps__rep_009,1,3007,3174,"3007,3031,3055,3079,3102,3126,3150,3174",0.8875833146631371,accepted
1,C:\Users\Utente\Desktop\AriuFitness-copia-A\uploads\videos\ex_francesopio\PM_110-Camera17-30fps.mp4,PM_110-Camera17-30fps,PM_110,9,PM_110-Camera17-30fps__rep_009,PM_110-Camera17-30fps__rep_009,2,3008,3175,"3008,3032,3056,3080,3103,3127,3151,3175",0.8875833146631371,accepted
1,C:\Users\Utente\Desktop\AriuFitness-copia-A\uploads\videos\ex_francesopio\PM_110-Camera17-30fps.mp4,PM_110-Camera17-30fps,PM_110,9,PM_110-Camera17-30fps__rep_009,PM_110-Camera17-30fps__rep_009,3,3009,3176,"3009,3033,3057,3081,3104,3128,3152,3176",0.8875833146631371,accepted
1,C:\Users\Utente\Desktop\AriuFitness-copia-A\uploads\videos\ex_francesopio\PM_110-Camera17-30fps.mp4,PM_110-Camera17-30fps,PM_110,9,PM_110-Camera17-30fps__rep_009,PM_110-Camera17-30fps__rep_009,4,3010,3177,"3010,3034,3058,3082,3105,3129,3153,3177",0.8875833146631371,accepted
1,C:\Users\Utente\Desktop\AriuFitness-copia-A\uploads\videos\ex_francesopio\PM_110-Camera17-30fps.mp4,PM_110-Camera17-30fps,PM_110,9,PM_110-Camera17-30fps__rep_009,PM_110-Camera17-30fps__rep_009,5,3011,3178,"3011,3035,3059,3083,3106,3130,3154,3178",0.8875833146631371,accepted
1,C:\Users\Utente\Desktop\AriuFitness-copia-A\uploads\videos\ex_francesopio\PM_110-Camera17-30fps.mp4,PM_110-Camera17-30fps,PM_110,10,PM_110-Camera17-30fps__rep_010,PM_110-Camera17-30fps__rep_010,-5,3168,3322,"3168,3190,3212,3234,3256,3278,3300,3322",0.8082387531641568,accepted
1,C:\Users\Utente\Desktop\AriuFitness-copia-A\uploads\videos\ex_francesopio\PM_110-Camera17-30fps.mp4,PM_110-Camera17-30fps,PM_110,10,PM_110-Camera17-30fps__rep_010,PM_110-Camera17-30fps__rep_010,-4,3169,3323,"3169,3191,3213,3235,3257,3279,3301,3323",0.8082387531641568,accepted
1,C:\Users\Utente\Desktop\AriuFitness-copia-A\uploads\videos\ex_francesopio\PM_110-Camera17-30fps.mp4,PM_110-Camera17-30fps,PM_110,10,PM_110-Camera17-30fps__rep_010,PM_110-Camera17-30fps__rep_010,-3,3170,3324,"3170,3192,3214,3236,3258,3280,3302,3324",0.8082387531641568,accepted
1,C:\Users\Utente\Desktop\AriuFitness-copia-A\uploads\videos\ex_francesopio\PM_110-Camera17-30fps.mp4,PM_110-Camera17-30fps,PM_110,10,PM_110-Camera17-30fps__rep_010,PM_110-Camera17-30fps__rep_010,-2,3171,3325,"3171,3193,3215,3237,3259,3281,3303,3325",0.8082387531641568,accepted
1,C:\Users\Utente\Desktop\AriuFitness-copia-A\uploads\videos\ex_francesopio\PM_110-Camera17-30fps.mp4,PM_110-Camera17-30fps,PM_110,10,PM_110-Camera17-30fps__rep_010,PM_110-Camera17-30fps__rep_010,-1,3172,3326,"3172,3194,3216,3238,3260,3282,3304,3326",0.8082387531641568,accepted
1,C:\Users\Utente\Desktop\AriuFitness-copia-A\uploads\videos\ex_francesopio\PM_110-Camera17-30fps.mp4,PM_110-Camera17-30fps,PM_110,10,PM_110-Camera17-30fps__rep_010,PM_110-Camera17-30fps__rep_010,0,3173,3327,"3173,3195,3217,3239,3261,3283,3305,3327",0.8082387531641568,accepted
1,C:\Users\Utente\Desktop\AriuFitness-copia-A\uploads\videos\ex_francesopio\PM_110-Camera17-30fps.mp4,PM_110-Camera17-30fps,PM_110,10,PM_110-Camera17-30fps__rep_010,PM_110-Camera17-30fps__rep_010,1,3174,3328,"3174,3196,3218,3240,3262,3284,3306,3328",0.8082387531641568,accepted
1,C:\Users\Utente\Desktop\AriuFitness-copia-A\uploads\videos\ex_francesopio\PM_110-Camera17-30fps.mp4,PM_110-Camera17-30fps,PM_110,10,PM_110-Camera17-30fps__rep_010,PM_110-Camera17-30fps__rep_010,2,3175,3329,"3175,3197,3219,3241,3263,3285,3307,3329",0.8082387531641568,accepted
1,C:\Users\Utente\Desktop\AriuFitness-copia-A\uploads\videos\ex_francesopio\PM_110-Camera17-30fps.mp4,PM_110-Camera17-30fps,PM_110,10,PM_110-Camera17-30fps__rep_010,PM_110-Camera17-30fps__rep_010,3,3176,3330,"3176,3198,3220,3242,3264,3286,3308,3330",0.8082387531641568,accepted
1,C:\Users\Utente\Desktop\AriuFitness-copia-A\uploads\videos\ex_francesopio\PM_110-Camera17-30fps.mp4,PM_110-Camera17-30fps,PM_110,10,PM_110-Camera17-30fps__rep_010,PM_110-Camera17-30fps__rep_010,4,3177,3331,"3177,3199,3221,3243,3265,3287,3309,3331",0.8082387531641568,accepted
1,C:\Users\Utente\Desktop\AriuFitness-copia-A\uploads\videos\ex_francesopio\PM_110-Camera17-30fps.mp4,PM_110-Camera17-30fps,PM_110,10,PM_110-Camera17-30fps__rep_010,PM_110-Camera17-30fps__rep_010,5,3178,3332,"3178,3200,3222,3244,3266,3288,3310,3332",0.8082387531641568,accepted
1,C:\Users\Utente\Desktop\AriuFitness-copia-A\uploads\videos\ex_francesopio\PM_110-Camera17-30fps.mp4,PM_110-Camera17-30fps,PM_110,11,PM_110-Camera17-30fps__rep_011,PM_110-Camera17-30fps__rep_011,-5,3798,4108,"3798,3842,3887,3931,3975,4019,4064,4108",0.8571428571428571,accepted
1,C:\Users\Utente\Desktop\AriuFitness-copia-A\uploads\videos\ex_francesopio\PM_110-Camera17-30fps.mp4,PM_110-Camera17-30fps,PM_110,11,PM_110-Camera17-30fps__rep_011,PM_110-Camera17-30fps__rep_011,-4,3799,4109,"3799,3843,3888,3932,3976,4020,4065,4109",0.8571428571428571,accepted
1,C:\Users\Utente\Desktop\AriuFitness-copia-A\uploads\videos\ex_francesopio\PM_110-Camera17-30fps.mp4,PM_110-Camera17-30fps,PM_110,11,PM_110-Camera17-30fps__rep_011,PM_110-Camera17-30fps__rep_011,-3,3800,4110,"3800,3844,3889,3933,3977,4021,4066,4110",0.8571428571428571,accepted
1,C:\Users\Utente\Desktop\AriuFitness-copia-A\uploads\videos\ex_francesopio\PM_110-Camera17-30fps.mp4,PM_110-Camera17-30fps,PM_110,11,PM_110-Camera17-30fps__rep_011,PM_110-Camera17-30fps__rep_011,-2,3801,4111,"3801,3845,3890,3934,3978,4022,4067,4111",0.8571428571428571,accepted
1,C:\Users\Utente\Desktop\AriuFitness-copia-A\uploads\videos\ex_francesopio\PM_110-Camera17-30fps.mp4,PM_110-Camera17-30fps,PM_110,11,PM_110-Camera17-30fps__rep_011,PM_110-Camera17-30fps__rep_011,-1,3802,4112,"3802,3846,3891,3935,3979,4023,4068,4112",0.8571428571428571,accepted
1,C:\Users\Utente\Desktop\AriuFitness-copia-A\uploads\videos\ex_francesopio\PM_110-Camera17-30fps.mp4,PM_110-Camera17-30fps,PM_110,11,PM_110-Camera17-30fps__rep_011,PM_110-Camera17-30fps__rep_011,0,3803,4113,"3803,3847,3892,3936,3980,4024,4069,4113",0.8571428571428571,accepted
1,C:\Users\Utente\Desktop\AriuFitness-copia-A\uploads\videos\ex_francesopio\PM_110-Camera17-30fps.mp4,PM_110-Camera17-30fps,PM_110,11,PM_110-Camera17-30fps__rep_011,PM_110-Camera17-30fps__rep_011,1,3804,4114,"3804,3848,3893,3937,3981,4025,4070,4114",0.8571428571428571,accepted
1,C:\Users\Utente\Desktop\AriuFitness-copia-A\uploads\videos\ex_francesopio\PM_110-Camera17-30fps.mp4,PM_110-Camera17-30fps,PM_110,11,PM_110-Camera17-30fps__rep_011,PM_110-Camera17-30fps__rep_011,2,3805,4115,"3805,3849,3894,3938,3982,4026,4071,4115",0.8571428571428571,accepted
1,C:\Users\Utente\Desktop\AriuFitness-copia-A\uploads\videos\ex_francesopio\PM_110-Camera17-30fps.mp4,PM_110-Camera17-30fps,PM_110,11,PM_110-Camera17-30fps__rep_011,PM_110-Camera17-30fps__rep_011,3,3806,4116,"3806,3850,3895,3939,3983,4027,4072,4116",0.8571428571428571,accepted
1,C:\Users\Utente\Desktop\AriuFitness-copia-A\uploads\videos\ex_francesopio\PM_110-Camera17-30fps.mp4,PM_110-Camera17-30fps,PM_110,11,PM_110-Camera17-30fps__rep_011,PM_110-Camera17-30fps__rep_011,4,3807,4117,"3807,3851,3896,3940,3984,4028,4073,4117",0.8571428571428571,accepted
1,C:\Users\Utente\Desktop\AriuFitness-copia-A\uploads\videos\ex_francesopio\PM_110-Camera17-30fps.mp4,PM_110-Camera17-30fps,PM_110,11,PM_110-Camera17-30fps__rep_011,PM_110-Camera17-30fps__rep_011,5,3808,4118,"3808,3852,3897,3941,3985,4029,4074,4118",0.8571428571428571,accepted
1,C:\Users\Utente\Desktop\AriuFitness-copia-A\uploads\videos\ex_francesopio\PM_110-Camera17-30fps.mp4,PM_110-Camera17-30fps,PM_110,12,PM_110-Camera17-30fps__rep_012,PM_110-Camera17-30fps__rep_012,-5,4108,4287,"4108,4134,4159,4185,4210,4236,4261,4287",0.8571428571428571,accepted
1,C:\Users\Utente\Desktop\AriuFitness-copia-A\uploads\videos\ex_francesopio\PM_110-Camera17-30fps.mp4,PM_110-Camera17-30fps,PM_110,12,PM_110-Camera17-30fps__rep_012,PM_110-Camera17-30fps__rep_012,-4,4109,4288,"4109,4135,4160,4186,4211,4237,4262,4288",0.8571428571428571,accepted
1,C:\Users\Utente\Desktop\AriuFitness-copia-A\uploads\videos\ex_francesopio\PM_110-Camera17-30fps.mp4,PM_110-Camera17-30fps,PM_110,12,PM_110-Camera17-30fps__rep_012,PM_110-Camera17-30fps__rep_012,-3,4110,4289,"4110,4136,4161,4187,4212,4238,4263,4289",0.8571428571428571,accepted
1,C:\Users\Utente\Desktop\AriuFitness-copia-A\uploads\videos\ex_francesopio\PM_110-Camera17-30fps.mp4,PM_110-Camera17-30fps,PM_110,12,PM_110-Camera17-30fps__rep_012,PM_110-Camera17-30fps__rep_012,-2,4111,4290,"4111,4137,4162,4188,4213,4239,4264,4290",0.8571428571428571,accepted
1,C:\Users\Utente\Desktop\AriuFitness-copia-A\uploads\videos\ex_francesopio\PM_110-Camera17-30fps.mp4,PM_110-Camera17-30fps,PM_110,12,PM_110-Camera17-30fps__rep_012,PM_110-Camera17-30fps__rep_012,-1,4112,4291,"4112,4138,4163,4189,4214,4240,4265,4291",0.8571428571428571,accepted
1,C:\Users\Utente\Desktop\AriuFitness-copia-A\uploads\videos\ex_francesopio\PM_110-Camera17-30fps.mp4,PM_110-Camera17-30fps,PM_110,12,PM_110-Camera17-30fps__rep_012,PM_110-Camera17-30fps__rep_012,0,4113,4292,"4113,4139,4164,4190,4215,4241,4266,4292",0.8571428571428571,accepted
1,C:\Users\Utente\Desktop\AriuFitness-copia-A\uploads\videos\ex_francesopio\PM_110-Camera17-30fps.mp4,PM_110-Camera17-30fps,PM_110,12,PM_110-Camera17-30fps__rep_012,PM_110-Camera17-30fps__rep_012,1,4114,4293,"4114,4140,4165,4191,4216,4242,4267,4293",0.8571428571428571,accepted
1,C:\Users\Utente\Desktop\AriuFitness-copia-A\uploads\videos\ex_francesopio\PM_110-Camera17-30fps.mp4,PM_110-Camera17-30fps,PM_110,12,PM_110-Camera17-30fps__rep_012,PM_110-Camera17-30fps__rep_012,2,4115,4294,"4115,4141,4166,4192,4217,4243,4268,4294",0.8571428571428571,accepted
1,C:\Users\Utente\Desktop\AriuFitness-copia-A\uploads\videos\ex_francesopio\PM_110-Camera17-30fps.mp4,PM_110-Camera17-30fps,PM_110,12,PM_110-Camera17-30fps__rep_012,PM_110-Camera17-30fps__rep_012,3,4116,4295,"4116,4142,4167,4193,4218,4244,4269,4295",0.8571428571428571,accepted
1,C:\Users\Utente\Desktop\AriuFitness-copia-A\uploads\videos\ex_francesopio\PM_110-Camera17-30fps.mp4,PM_110-Camera17-30fps,PM_110,12,PM_110-Camera17-30fps__rep_012,PM_110-Camera17-30fps__rep_012,4,4117,4296,"4117,4143,4168,4194,4219,4245,4270,4296",0.8571428571428571,accepted
1,C:\Users\Utente\Desktop\AriuFitness-copia-A\uploads\videos\ex_francesopio\PM_110-Camera17-30fps.mp4,PM_110-Camera17-30fps,PM_110,12,PM_110-Camera17-30fps__rep_012,PM_110-Camera17-30fps__rep_012,5,4118,4297,"4118,4144,4169,4195,4220,4246,4271,4297",0.8571428571428571,accepted
1,C:\Users\Utente\Desktop\AriuFitness-copia-A\uploads\videos\ex_francesopio\PM_110-Camera17-30fps.mp4,PM_110-Camera17-30fps,PM_110,14,PM_110-Camera17-30fps__rep_014,PM_110-Camera17-30fps__rep_014,-5,4471,4667,"4471,4499,4527,4555,4583,4611,4639,4667",0.9285714285714286,accepted
1,C:\Users\Utente\Desktop\AriuFitness-copia-A\uploads\videos\ex_francesopio\PM_110-Camera17-30fps.mp4,PM_110-Camera17-30fps,PM_110,14,PM_110-Camera17-30fps__rep_014,PM_110-Camera17-30fps__rep_014,-4,4472,4668,"4472,4500,4528,4556,4584,4612,4640,4668",0.9285714285714286,accepted
1,C:\Users\Utente\Desktop\AriuFitness-copia-A\uploads\videos\ex_francesopio\PM_110-Camera17-30fps.mp4,PM_110-Camera17-30fps,PM_110,14,PM_110-Camera17-30fps__rep_014,PM_110-Camera17-30fps__rep_014,-3,4473,4669,"4473,4501,4529,4557,4585,4613,4641,4669",0.9285714285714286,accepted
1,C:\Users\Utente\Desktop\AriuFitness-copia-A\uploads\videos\ex_francesopio\PM_110-Camera17-30fps.mp4,PM_110-Camera17-30fps,PM_110,14,PM_110-Camera17-30fps__rep_014,PM_110-Camera17-30fps__rep_014,-2,4474,4670,"4474,4502,4530,4558,4586,4614,4642,4670",0.9285714285714286,accepted
1,C:\Users\Utente\Desktop\AriuFitness-copia-A\uploads\videos\ex_francesopio\PM_110-Camera17-30fps.mp4,PM_110-Camera17-30fps,PM_110,14,PM_110-Camera17-30fps__rep_014,PM_110-Camera17-30fps__rep_014,-1,4475,4671,"4475,4503,4531,4559,4587,4615,4643,4671",0.9285714285714286,accepted
1,C:\Users\Utente\Desktop\AriuFitness-copia-A\uploads\videos\ex_francesopio\PM_110-Camera17-30fps.mp4,PM_110-Camera17-30fps,PM_110,14,PM_110-Camera17-30fps__rep_014,PM_110-Camera17-30fps__rep_014,0,4476,4672,"4476,4504,4532,4560,4588,4616,4644,4672",0.9285714285714286,accepted
1,C:\Users\Utente\Desktop\AriuFitness-copia-A\uploads\videos\ex_francesopio\PM_110-Camera17-30fps.mp4,PM_110-Camera17-30fps,PM_110,14,PM_110-Camera17-30fps__rep_014,PM_110-Camera17-30fps__rep_014,1,4477,4673,"4477,4505,4533,4561,4589,4617,4645,4673",0.9285714285714286,accepted
1,C:\Users\Utente\Desktop\AriuFitness-copia-A\uploads\videos\ex_francesopio\PM_110-Camera17-30fps.mp4,PM_110-Camera17-30fps,PM_110,14,PM_110-Camera17-30fps__rep_014,PM_110-Camera17-30fps__rep_014,2,4478,4674,"4478,4506,4534,4562,4590,4618,4646,4674",0.9285714285714286,accepted
1,C:\Users\Utente\Desktop\AriuFitness-copia-A\uploads\videos\ex_francesopio\PM_110-Camera17-30fps.mp4,PM_110-Camera17-30fps,PM_110,14,PM_110-Camera17-30fps__rep_014,PM_110-Camera17-30fps__rep_014,3,4479,4675,"4479,4507,4535,4563,4591,4619,4647,4675",0.9285714285714286,accepted
1,C:\Users\Utente\Desktop\AriuFitness-copia-A\uploads\videos\ex_francesopio\PM_110-Camera17-30fps.mp4,PM_110-Camera17-30fps,PM_110,14,PM_110-Camera17-30fps__rep_014,PM_110-Camera17-30fps__rep_014,4,4480,4676,"4480,4508,4536,4564,4592,4620,4648,4676",0.9285714285714286,accepted
1,C:\Users\Utente\Desktop\AriuFitness-copia-A\uploads\videos\ex_francesopio\PM_110-Camera17-30fps.mp4,PM_110-Camera17-30fps,PM_110,14,PM_110-Camera17-30fps__rep_014,PM_110-Camera17-30fps__rep_014,5,4481,4677,"4481,4509,4537,4565,4593,4621,4649,4677",0.9285714285714286,accepted
1,C:\Users\Utente\Desktop\AriuFitness-copia-A\uploads\videos\ex_francesopio\PM_110-Camera17-30fps.mp4,PM_110-Camera17-30fps,PM_110,15,PM_110-Camera17-30fps__rep_015,PM_110-Camera17-30fps__rep_015,-5,4667,4888,"4667,4699,4730,4762,4793,4825,4856,4888",0.9285714285714286,accepted
1,C:\Users\Utente\Desktop\AriuFitness-copia-A\uploads\videos\ex_francesopio\PM_110-Camera17-30fps.mp4,PM_110-Camera17-30fps,PM_110,15,PM_110-Camera17-30fps__rep_015,PM_110-Camera17-30fps__rep_015,-4,4668,4889,"4668,4700,4731,4763,4794,4826,4857,4889",0.9285714285714286,accepted
1,C:\Users\Utente\Desktop\AriuFitness-copia-A\uploads\videos\ex_francesopio\PM_110-Camera17-30fps.mp4,PM_110-Camera17-30fps,PM_110,15,PM_110-Camera17-30fps__rep_015,PM_110-Camera17-30fps__rep_015,-3,4669,4890,"4669,4701,4732,4764,4795,4827,4858,4890",0.9285714285714286,accepted
1,C:\Users\Utente\Desktop\AriuFitness-copia-A\uploads\videos\ex_francesopio\PM_110-Camera17-30fps.mp4,PM_110-Camera17-30fps,PM_110,15,PM_110-Camera17-30fps__rep_015,PM_110-Camera17-30fps__rep_015,-2,4670,4891,"4670,4702,4733,4765,4796,4828,4859,4891",0.9285714285714286,accepted
1,C:\Users\Utente\Desktop\AriuFitness-copia-A\uploads\videos\ex_francesopio\PM_110-Camera17-30fps.mp4,PM_110-Camera17-30fps,PM_110,15,PM_110-Camera17-30fps__rep_015,PM_110-Camera17-30fps__rep_015,-1,4671,4892,"4671,4703,4734,4766,4797,4829,4860,4892",0.9285714285714286,accepted
1,C:\Users\Utente\Desktop\AriuFitness-copia-A\uploads\videos\ex_francesopio\PM_110-Camera17-30fps.mp4,PM_110-Camera17-30fps,PM_110,15,PM_110-Camera17-30fps__rep_015,PM_110-Camera17-30fps__rep_015,0,4672,4893,"4672,4704,4735,4767,4798,4830,4861,4893",0.9285714285714286,accepted
1,C:\Users\Utente\Desktop\AriuFitness-copia-A\uploads\videos\ex_francesopio\PM_110-Camera17-30fps.mp4,PM_110-Camera17-30fps,PM_110,15,PM_110-Camera17-30fps__rep_015,PM_110-Camera17-30fps__rep_015,1,4673,4894,"4673,4705,4736,4768,4799,4831,4862,4894",0.9285714285714286,accepted
1,C:\Users\Utente\Desktop\AriuFitness-copia-A\uploads\videos\ex_francesopio\PM_110-Camera17-30fps.mp4,PM_110-Camera17-30fps,PM_110,15,PM_110-Camera17-30fps__rep_015,PM_110-Camera17-30fps__rep_015,2,4674,4895,"4674,4706,4737,4769,4800,4832,4863,4895",0.9285714285714286,accepted
1,C:\Users\Utente\Desktop\AriuFitness-copia-A\uploads\videos\ex_francesopio\PM_110-Camera17-30fps.mp4,PM_110-Camera17-30fps,PM_110,15,PM_110-Camera17-30fps__rep_015,PM_110-Camera17-30fps__rep_015,3,4675,4896,"4675,4707,4738,4770,4801,4833,4864,4896",0.9285714285714286,accepted
1,C:\Users\Utente\Desktop\AriuFitness-copia-A\uploads\videos\ex_francesopio\PM_110-Camera17-30fps.mp4,PM_110-Camera17-30fps,PM_110,15,PM_110-Camera17-30fps__rep_015,PM_110-Camera17-30fps__rep_015,4,4676,4897,"4676,4708,4739,4771,4802,4834,4865,4897",0.9285714285714286,accepted
1,C:\Users\Utente\Desktop\AriuFitness-copia-A\uploads\videos\ex_francesopio\PM_110-Camera17-30fps.mp4,PM_110-Camera17-30fps,PM_110,15,PM_110-Camera17-30fps__rep_015,PM_110-Camera17-30fps__rep_015,5,4677,4898,"4677,4709,4740,4772,4803,4835,4866,4898",0.9285714285714286,accepted
1,C:\Users\Utente\Desktop\AriuFitness-copia-A\uploads\videos\ex_francesopio\PM_110-Camera17-30fps.mp4,PM_110-Camera17-30fps,PM_110,16,PM_110-Camera17-30fps__rep_016,PM_110-Camera17-30fps__rep_016,-5,4888,5062,"4888,4913,4938,4963,4987,5012,5037,5062",0.9285714285714286,accepted
1,C:\Users\Utente\Desktop\AriuFitness-copia-A\uploads\videos\ex_francesopio\PM_110-Camera17-30fps.mp4,PM_110-Camera17-30fps,PM_110,16,PM_110-Camera17-30fps__rep_016,PM_110-Camera17-30fps__rep_016,-4,4889,5063,"4889,4914,4939,4964,4988,5013,5038,5063",0.9285714285714286,accepted
1,C:\Users\Utente\Desktop\AriuFitness-copia-A\uploads\videos\ex_francesopio\PM_110-Camera17-30fps.mp4,PM_110-Camera17-30fps,PM_110,16,PM_110-Camera17-30fps__rep_016,PM_110-Camera17-30fps__rep_016,-3,4890,5064,"4890,4915,4940,4965,4989,5014,5039,5064",0.9285714285714286,accepted
1,C:\Users\Utente\Desktop\AriuFitness-copia-A\uploads\videos\ex_francesopio\PM_110-Camera17-30fps.mp4,PM_110-Camera17-30fps,PM_110,16,PM_110-Camera17-30fps__rep_016,PM_110-Camera17-30fps__rep_016,-2,4891,5065,"4891,4916,4941,4966,4990,5015,5040,5065",0.9285714285714286,accepted
1,C:\Users\Utente\Desktop\AriuFitness-copia-A\uploads\videos\ex_francesopio\PM_110-Camera17-30fps.mp4,PM_110-Camera17-30fps,PM_110,16,PM_110-Camera17-30fps__rep_016,PM_110-Camera17-30fps__rep_016,-1,4892,5066,"4892,4917,4942,4967,4991,5016,5041,5066",0.9285714285714286,accepted
1,C:\Users\Utente\Desktop\AriuFitness-copia-A\uploads\videos\ex_francesopio\PM_110-Camera17-30fps.mp4,PM_110-Camera17-30fps,PM_110,16,PM_110-Camera17-30fps__rep_016,PM_110-Camera17-30fps__rep_016,0,4893,5067,"4893,4918,4943,4968,4992,5017,5042,5067",0.9285714285714286,accepted
1,C:\Users\Utente\Desktop\AriuFitness-copia-A\uploads\videos\ex_francesopio\PM_110-Camera17-30fps.mp4,PM_110-Camera17-30fps,PM_110,16,PM_110-Camera17-30fps__rep_016,PM_110-Camera17-30fps__rep_016,1,4894,5068,"4894,4919,4944,4969,4993,5018,5043,5068",0.9285714285714286,accepted
1,C:\Users\Utente\Desktop\AriuFitness-copia-A\uploads\videos\ex_francesopio\PM_110-Camera17-30fps.mp4,PM_110-Camera17-30fps,PM_110,16,PM_110-Camera17-30fps__rep_016,PM_110-Camera17-30fps__rep_016,2,4895,5069,"4895,4920,4945,4970,4994,5019,5044,5069",0.9285714285714286,accepted
1,C:\Users\Utente\Desktop\AriuFitness-copia-A\uploads\videos\ex_francesopio\PM_110-Camera17-30fps.mp4,PM_110-Camera17-30fps,PM_110,16,PM_110-Camera17-30fps__rep_016,PM_110-Camera17-30fps__rep_016,3,4896,5070,"4896,4921,4946,4971,4995,5020,5045,5070",0.9285714285714286,accepted
1,C:\Users\Utente\Desktop\AriuFitness-copia-A\uploads\videos\ex_francesopio\PM_110-Camera17-30fps.mp4,PM_110-Camera17-30fps,PM_110,16,PM_110-Camera17-30fps__rep_016,PM_110-Camera17-30fps__rep_016,4,4897,5071,"4897,4922,4947,4972,4996,5021,5046,5071",0.9285714285714286,accepted
1,C:\Users\Utente\Desktop\AriuFitness-copia-A\uploads\videos\ex_francesopio\PM_110-Camera17-30fps.mp4,PM_110-Camera17-30fps,PM_110,16,PM_110-Camera17-30fps__rep_016,PM_110-Camera17-30fps__rep_016,5,4898,5072,"4898,4923,4948,4973,4997,5022,5047,5072",0.9285714285714286,accepted
1,C:\Users\Utente\Desktop\AriuFitness-copia-A\uploads\videos\ex_francesopio\PM_110-Camera17-30fps.mp4,PM_110-Camera17-30fps,PM_110,17,PM_110-Camera17-30fps__rep_017,PM_110-Camera17-30fps__rep_017,-5,5062,5247,"5062,5088,5115,5141,5168,5194,5221,5247",0.9285714285714286,accepted
1,C:\Users\Utente\Desktop\AriuFitness-copia-A\uploads\videos\ex_francesopio\PM_110-Camera17-30fps.mp4,PM_110-Camera17-30fps,PM_110,17,PM_110-Camera17-30fps__rep_017,PM_110-Camera17-30fps__rep_017,-4,5063,5248,"5063,5089,5116,5142,5169,5195,5222,5248",0.9285714285714286,accepted
1,C:\Users\Utente\Desktop\AriuFitness-copia-A\uploads\videos\ex_francesopio\PM_110-Camera17-30fps.mp4,PM_110-Camera17-30fps,PM_110,17,PM_110-Camera17-30fps__rep_017,PM_110-Camera17-30fps__rep_017,-3,5064,5249,"5064,5090,5117,5143,5170,5196,5223,5249",0.9285714285714286,accepted
1,C:\Users\Utente\Desktop\AriuFitness-copia-A\uploads\videos\ex_francesopio\PM_110-Camera17-30fps.mp4,PM_110-Camera17-30fps,PM_110,17,PM_110-Camera17-30fps__rep_017,PM_110-Camera17-30fps__rep_017,-2,5065,5250,"5065,5091,5118,5144,5171,5197,5224,5250",0.9285714285714286,accepted
1,C:\Users\Utente\Desktop\AriuFitness-copia-A\uploads\videos\ex_francesopio\PM_110-Camera17-30fps.mp4,PM_110-Camera17-30fps,PM_110,17,PM_110-Camera17-30fps__rep_017,PM_110-Camera17-30fps__rep_017,-1,5066,5251,"5066,5092,5119,5145,5172,5198,5225,5251",0.9285714285714286,accepted
1,C:\Users\Utente\Desktop\AriuFitness-copia-A\uploads\videos\ex_francesopio\PM_110-Camera17-30fps.mp4,PM_110-Camera17-30fps,PM_110,17,PM_110-Camera17-30fps__rep_017,PM_110-Camera17-30fps__rep_017,0,5067,5252,"5067,5093,5120,5146,5173,5199,5226,5252",0.9285714285714286,accepted
1,C:\Users\Utente\Desktop\AriuFitness-copia-A\uploads\videos\ex_francesopio\PM_110-Camera17-30fps.mp4,PM_110-Camera17-30fps,PM_110,17,PM_110-Camera17-30fps__rep_017,PM_110-Camera17-30fps__rep_017,1,5068,5253,"5068,5094,5121,5147,5174,5200,5227,5253",0.9285714285714286,accepted
1,C:\Users\Utente\Desktop\AriuFitness-copia-A\uploads\videos\ex_francesopio\PM_110-Camera17-30fps.mp4,PM_110-Camera17-30fps,PM_110,17,PM_110-Camera17-30fps__rep_017,PM_110-Camera17-30fps__rep_017,2,5069,5254,"5069,5095,5122,5148,5175,5201,5228,5254",0.9285714285714286,accepted
1,C:\Users\Utente\Desktop\AriuFitness-copia-A\uploads\videos\ex_francesopio\PM_110-Camera17-30fps.mp4,PM_110-Camera17-30fps,PM_110,17,PM_110-Camera17-30fps__rep_017,PM_110-Camera17-30fps__rep_017,3,5070,5255,"5070,5096,5123,5149,5176,5202,5229,5255",0.9285714285714286,accepted
1,C:\Users\Utente\Desktop\AriuFitness-copia-A\uploads\videos\ex_francesopio\PM_110-Camera17-30fps.mp4,PM_110-Camera17-30fps,PM_110,17,PM_110-Camera17-30fps__rep_017,PM_110-Camera17-30fps__rep_017,4,5071,5256,"5071,5097,5124,5150,5177,5203,5230,5256",0.9285714285714286,accepted
1,C:\Users\Utente\Desktop\AriuFitness-copia-A\uploads\videos\ex_francesopio\PM_110-Camera17-30fps.mp4,PM_110-Camera17-30fps,PM_110,17,PM_110-Camera17-30fps__rep_017,PM_110-Camera17-30fps__rep_017,5,5072,5257,"5072,5098,5125,5151,5178,5204,5231,5257",0.9285714285714286,accepted
1,C:\Users\Utente\Desktop\AriuFitness-copia-A\uploads\videos\ex_francesopio\PM_110-Camera17-30fps.mp4,PM_110-Camera17-30fps,PM_110,18,PM_110-Camera17-30fps__rep_018,PM_110-Camera17-30fps__rep_018,-5,5247,5387,"5247,5267,5287,5307,5327,5347,5367,5387",0.8928571428571428,accepted
1,C:\Users\Utente\Desktop\AriuFitness-copia-A\uploads\videos\ex_francesopio\PM_110-Camera17-30fps.mp4,PM_110-Camera17-30fps,PM_110,18,PM_110-Camera17-30fps__rep_018,PM_110-Camera17-30fps__rep_018,-4,5248,5388,"5248,5268,5288,5308,5328,5348,5368,5388",0.8928571428571428,accepted
1,C:\Users\Utente\Desktop\AriuFitness-copia-A\uploads\videos\ex_francesopio\PM_110-Camera17-30fps.mp4,PM_110-Camera17-30fps,PM_110,18,PM_110-Camera17-30fps__rep_018,PM_110-Camera17-30fps__rep_018,-3,5249,5389,"5249,5269,5289,5309,5329,5349,5369,5389",0.8928571428571428,accepted
1,C:\Users\Utente\Desktop\AriuFitness-copia-A\uploads\videos\ex_francesopio\PM_110-Camera17-30fps.mp4,PM_110-Camera17-30fps,PM_110,18,PM_110-Camera17-30fps__rep_018,PM_110-Camera17-30fps__rep_018,-2,5250,5390,"5250,5270,5290,5310,5330,5350,5370,5390",0.8928571428571428,accepted
1,C:\Users\Utente\Desktop\AriuFitness-copia-A\uploads\videos\ex_francesopio\PM_110-Camera17-30fps.mp4,PM_110-Camera17-30fps,PM_110,18,PM_110-Camera17-30fps__rep_018,PM_110-Camera17-30fps__rep_018,-1,5251,5391,"5251,5271,5291,5311,5331,5351,5371,5391",0.8928571428571428,accepted
1,C:\Users\Utente\Desktop\AriuFitness-copia-A\uploads\videos\ex_francesopio\PM_110-Camera17-30fps.mp4,PM_110-Camera17-30fps,PM_110,18,PM_110-Camera17-30fps__rep_018,PM_110-Camera17-30fps__rep_018,0,5252,5392,"5252,5272,5292,5312,5332,5352,5372,5392",0.8928571428571428,accepted
1,C:\Users\Utente\Desktop\AriuFitness-copia-A\uploads\videos\ex_francesopio\PM_110-Camera17-30fps.mp4,PM_110-Camera17-30fps,PM_110,18,PM_110-Camera17-30fps__rep_018,PM_110-Camera17-30fps__rep_018,1,5253,5393,"5253,5273,5293,5313,5333,5353,5373,5393",0.8928571428571428,accepted
1,C:\Users\Utente\Desktop\AriuFitness-copia-A\uploads\videos\ex_francesopio\PM_110-Camera17-30fps.mp4,PM_110-Camera17-30fps,PM_110,18,PM_110-Camera17-30fps__rep_018,PM_110-Camera17-30fps__rep_018,2,5254,5394,"5254,5274,5294,5314,5334,5354,5374,5394",0.8928571428571428,accepted
1,C:\Users\Utente\Desktop\AriuFitness-copia-A\uploads\videos\ex_francesopio\PM_110-Camera17-30fps.mp4,PM_110-Camera17-30fps,PM_110,18,PM_110-Camera17-30fps__rep_018,PM_110-Camera17-30fps__rep_018,3,5255,5395,"5255,5275,5295,5315,5335,5355,5375,5395",0.8928571428571428,accepted
1,C:\Users\Utente\Desktop\AriuFitness-copia-A\uploads\videos\ex_francesopio\PM_110-Camera17-30fps.mp4,PM_110-Camera17-30fps,PM_110,18,PM_110-Camera17-30fps__rep_018,PM_110-Camera17-30fps__rep_018,4,5256,5396,"5256,5276,5296,5316,5336,5356,5376,5396",0.8928571428571428,accepted
1,C:\Users\Utente\Desktop\AriuFitness-copia-A\uploads\videos\ex_francesopio\PM_110-Camera17-30fps.mp4,PM_110-Camera17-30fps,PM_110,18,PM_110-Camera17-30fps__rep_018,PM_110-Camera17-30fps__rep_018,5,5257,5397,"5257,5277,5297,5317,5337,5357,5377,5397",0.8928571428571428,accepted
1,C:\Users\Utente\Desktop\AriuFitness-copia-A\uploads\videos\ex_francesopio\PM_110-Camera17-30fps.mp4,PM_110-Camera17-30fps,PM_110,19,PM_110-Camera17-30fps__rep_019,PM_110-Camera17-30fps__rep_019,-5,5387,5542,"5387,5409,5431,5453,5476,5498,5520,5542",0.9285714285714286,accepted
1,C:\Users\Utente\Desktop\AriuFitness-copia-A\uploads\videos\ex_francesopio\PM_110-Camera17-30fps.mp4,PM_110-Camera17-30fps,PM_110,19,PM_110-Camera17-30fps__rep_019,PM_110-Camera17-30fps__rep_019,-4,5388,5543,"5388,5410,5432,5454,5477,5499,5521,5543",0.9285714285714286,accepted
1,C:\Users\Utente\Desktop\AriuFitness-copia-A\uploads\videos\ex_francesopio\PM_110-Camera17-30fps.mp4,PM_110-Camera17-30fps,PM_110,19,PM_110-Camera17-30fps__rep_019,PM_110-Camera17-30fps__rep_019,-3,5389,5544,"5389,5411,5433,5455,5478,5500,5522,5544",0.9285714285714286,accepted
1,C:\Users\Utente\Desktop\AriuFitness-copia-A\uploads\videos\ex_francesopio\PM_110-Camera17-30fps.mp4,PM_110-Camera17-30fps,PM_110,19,PM_110-Camera17-30fps__rep_019,PM_110-Camera17-30fps__rep_019,-2,5390,5545,"5390,5412,5434,5456,5479,5501,5523,5545",0.9285714285714286,accepted
1,C:\Users\Utente\Desktop\AriuFitness-copia-A\uploads\videos\ex_francesopio\PM_110-Camera17-30fps.mp4,PM_110-Camera17-30fps,PM_110,19,PM_110-Camera17-30fps__rep_019,PM_110-Camera17-30fps__rep_019,-1,5391,5546,"5391,5413,5435,5457,5480,5502,5524,5546",0.9285714285714286,accepted
1,C:\Users\Utente\Desktop\AriuFitness-copia-A\uploads\videos\ex_francesopio\PM_110-Camera17-30fps.mp4,PM_110-Camera17-30fps,PM_110,19,PM_110-Camera17-30fps__rep_019,PM_110-Camera17-30fps__rep_019,0,5392,5547,"5392,5414,5436,5458,5481,5503,5525,5547",0.9285714285714286,accepted
1,C:\Users\Utente\Desktop\AriuFitness-copia-A\uploads\videos\ex_francesopio\PM_110-Camera17-30fps.mp4,PM_110-Camera17-30fps,PM_110,19,PM_110-Camera17-30fps__rep_019,PM_110-Camera17-30fps__rep_019,1,5393,5548,"5393,5415,5437,5459,5482,5504,5526,5548",0.9285714285714286,accepted
1,C:\Users\Utente\Desktop\AriuFitness-copia-A\uploads\videos\ex_francesopio\PM_110-Camera17-30fps.mp4,PM_110-Camera17-30fps,PM_110,19,PM_110-Camera17-30fps__rep_019,PM_110-Camera17-30fps__rep_019,2,5394,5549,"5394,5416,5438,5460,5483,5505,5527,5549",0.9285714285714286,accepted
1,C:\Users\Utente\Desktop\AriuFitness-copia-A\uploads\videos\ex_francesopio\PM_110-Camera17-30fps.mp4,PM_110-Camera17-30fps,PM_110,19,PM_110-Camera17-30fps__rep_019,PM_110-Camera17-30fps__rep_019,3,5395,5550,"5395,5417,5439,5461,5484,5506,5528,5550",0.9285714285714286,accepted
1,C:\Users\Utente\Desktop\AriuFitness-copia-A\uploads\videos\ex_francesopio\PM_110-Camera17-30fps.mp4,PM_110-Camera17-30fps,PM_110,19,PM_110-Camera17-30fps__rep_019,PM_110-Camera17-30fps__rep_019,4,5396,5551,"5396,5418,5440,5462,5485,5507,5529,5551",0.9285714285714286,accepted
1,C:\Users\Utente\Desktop\AriuFitness-copia-A\uploads\videos\ex_francesopio\PM_110-Camera17-30fps.mp4,PM_110-Camera17-30fps,PM_110,19,PM_110-Camera17-30fps__rep_019,PM_110-Camera17-30fps__rep_019,5,5397,5552,"5397,5419,5441,5463,5486,5508,5530,5552",0.9285714285714286,accepted
